"Tenure","Monthly_Charge","Contract","Payment_Method","Prob_Attitude","Prob_Competitor","Prob_Dissatisfaction","Prob_No Churn","Prob_Other","Prob_Price","Base_Risk_Score","Tenure_Multiplier","Contract_Multiplier","Payment_Multiplier","Composite_Risk_Score","Risk_Category"
1,72.1,"One Year","Bank Withdrawal",0.226201066321435,0.189159677666406,0.19175235572665,0.047491480341379,0.207191350838283,0.138204069105847,0.952508519658621,1.5,1,1,1,"Critical"
3,19.85,"Month to Month","Credit Card",0.332515242510997,0.0680799129695757,0.0723744966638853,0.0817720242292091,0.0862500834296287,0.359008240196705,0.918227975770791,1.5,1.3,1,1,"Critical"
1,44.3,"Month to Month","Credit Card",0.164240692554872,0.159457728484505,0.175350814308469,0.0341473668233701,0.202300678560325,0.264502719268458,0.96585263317663,1.5,1.3,1,1,"Critical"
2,90.35,"Month to Month","Bank Withdrawal",0.110796460085034,0.183504166307846,0.294421030158571,0.110490776052331,0.221829458636724,0.0789581087594944,0.889509223947669,1.5,1.3,1,1,"Critical"
3,19.95,"Month to Month","Credit Card",0.31796842742004,0.0512545056738343,0.0702372184513698,0.0589480189869311,0.0788831881558766,0.422708641311948,0.941051981013069,1.5,1.3,1,1,"Critical"
2,20.05,"Month to Month","Credit Card",0.331313591198904,0.0635562518256597,0.0911413922903251,0.0715172411630968,0.0952094662013287,0.347262057320686,0.928482758836903,1.5,1.3,1,1,"Critical"
2,44.3,"One Year","Bank Withdrawal",0.222004162866398,0.235025579782227,0.190034571758733,0.0752784396349123,0.166172798002274,0.111484447955457,0.924721560365088,1.5,1,1,1,"Critical"
3,84.3,"Month to Month","Bank Withdrawal",0.195195142966371,0.21029334990311,0.214945000313512,0.0120424170774598,0.188730817415713,0.178793272323834,0.98795758292254,1.5,1.3,1,1,"Critical"
1,19.7,"Month to Month","Credit Card",0.281995862876123,0.0351767224778335,0.0541309541574669,0.359706331333081,0.0361905378555754,0.23279959129992,0.640293668666919,1.5,1.3,1,1,"Critical"
1,50.1,"Month to Month","Bank Withdrawal",0.156467927620354,0.29091816082052,0.227607905327386,0.0179383192037532,0.220995882164066,0.0860718048639214,0.982061680796247,1.5,1.3,1,1,"Critical"
3,90.4,"Month to Month","Bank Withdrawal",0.115058615571999,0.200829428708658,0.384419933262909,0.0111885899964428,0.167171404604218,0.121332027855774,0.988811410003557,1.5,1.3,1,1,"Critical"
3,58.7,"Month to Month","Credit Card",0.0598221826606925,0.077752799608216,0.235063788059345,0.390465207958467,0.164942552779239,0.07195346893404,0.609534792041533,1.5,1.3,1,1,"Critical"
3,26.4,"Two Year","Credit Card",0.0739172573720749,0.0265625029590859,0.0454559689133449,0.639897762295391,0.0187734217072836,0.19539308675282,0.360102237704609,1.5,1,1,0.540153356556914,"High"
2,19.35,"Month to Month","Credit Card",0.262505771006226,0.0593917948669813,0.0740791074665472,0.0787352597036775,0.0585469182043246,0.466741148752243,0.921264740296322,1.5,1.3,1,1,"Critical"
1,50.15,"Month to Month","Bank Withdrawal",0.262426667382928,0.164905328746402,0.112490806119452,0.0216019323356263,0.145483755218714,0.293091510196878,0.978398067664374,1.5,1.3,1,1,"Critical"
3,44.6,"Month to Month","Bank Withdrawal",0.199456285453949,0.190121766750018,0.289627515833703,0.0161405974902922,0.192048537999102,0.112605296472937,0.983859402509708,1.5,1.3,1,1,"Critical"
2,19.3,"Month to Month","Credit Card",0.320352116530963,0.0959183724581788,0.0621493207464122,0.0810083018426691,0.0696132142181131,0.370958674203663,0.918991698157331,1.5,1.3,1,1,"Critical"
3,60.25,"Month to Month","Bank Withdrawal",0.143055645419286,0.173034810181043,0.250872607986154,0.0155957517976711,0.213833997325664,0.203607187290182,0.984404248202329,1.5,1.3,1,1,"Critical"
3,90.7,"Month to Month","Credit Card",0.141228951395146,0.24046430752539,0.166649782948824,0.0114111036139367,0.280753870522676,0.159491983994027,0.988588896386063,1.5,1.3,1,1,"Critical"
3,69.55,"Month to Month","Bank Withdrawal",0.151910114526293,0.138712559740774,0.335576048406717,0.0484686023405163,0.191227946169491,0.134104728816208,0.951531397659484,1.5,1.3,1,1,"Critical"
3,20.75,"Month to Month","Credit Card",0.411371396193944,0.0895285089089544,0.0479360797546522,0.0601562015954176,0.0697148952605687,0.321292918286464,0.939843798404582,1.5,1.3,1,1,"Critical"
2,71.65,"Month to Month","Bank Withdrawal",0.141960252900193,0.180839338838367,0.258923849634365,0.0819923440284178,0.206381037787353,0.129903176811303,0.918007655971582,1.5,1.3,1,1,"Critical"
2,62.15,"Month to Month","Mailed Check",0.177837966020125,0.25424510519946,0.215552197670579,0.0641383370698336,0.102403269286393,0.185823124753608,0.935861662930166,1.5,1.3,1,1,"Critical"
1,48.45,"Month to Month","Bank Withdrawal",0.273751901431643,0.182723588891944,0.181535701146745,0.0184658461914066,0.181860374217576,0.161662588120684,0.981534153808593,1.5,1.3,1,1,"Critical"
3,82.3,"Month to Month","Credit Card",0.213401192759842,0.130412196167862,0.154492522801815,0.0261306775417795,0.158041800924085,0.317521609804617,0.973869322458221,1.5,1.3,1,1,"Critical"
1,20.25,"Month to Month","Credit Card",0.333140334347135,0.0607045917261956,0.0431597744416709,0.0622512754120942,0.060076444463259,0.440667579609646,0.937748724587906,1.5,1.3,1,1,"Critical"
1,20.45,"Month to Month","Credit Card",0.373177274219615,0.0791164165584367,0.0648411270312541,0.0831260560868136,0.0692940824180915,0.330445043685789,0.916873943913186,1.5,1.3,1,1,"Critical"
1,54.65,"Month to Month","Bank Withdrawal",0.129157000036674,0.23515245598076,0.19661541840763,0.019260141604465,0.257339245489518,0.162475738480953,0.980739858395535,1.5,1.3,1,1,"Critical"
3,70.7,"Month to Month","Credit Card",0.202078609591338,0.200321964833151,0.132795609622909,0.0303225355340529,0.255514447682436,0.178966832736113,0.969677464465947,1.5,1.3,1,1,"Critical"
2,20.75,"Month to Month","Credit Card",0.323823655953465,0.0657733406034149,0.0683615298947689,0.0790012879369114,0.0806113033672778,0.382428882244162,0.920998712063089,1.5,1.3,1,1,"Critical"
1,75.5,"Month to Month","Bank Withdrawal",0.14549106511114,0.225057919523346,0.206064652904533,0.0118506819325738,0.312042427922516,0.0994932526058917,0.988149318067426,1.5,1.3,1,1,"Critical"
2,20.05,"Month to Month","Mailed Check",0.355271345873195,0.140199206396522,0.0512502400456434,0.02989769997335,0.0584063271190748,0.364975180592215,0.97010230002665,1.5,1.3,1,1,"Critical"
1,19.55,"Month to Month","Credit Card",0.262890808809903,0.0281467530666291,0.0637305774520378,0.248990085393822,0.0336931197388415,0.362548655538766,0.751009914606178,1.5,1.3,1,1,"Critical"
3,50.15,"Month to Month","Credit Card",0.110313026532122,0.161098179775763,0.205089265548774,0.0323523931725975,0.275711298838264,0.215435836132479,0.967647606827403,1.5,1.3,1,1,"Critical"
1,19.65,"Month to Month","Credit Card",0.330628167551688,0.0936912953512194,0.0644340903121902,0.0846128126358139,0.0721597689990884,0.35447386515,0.915387187364186,1.5,1.3,1,1,"Critical"
3,29.2,"Month to Month","Credit Card",0.108847595983648,0.174124294496103,0.246496842634654,0.0408974704104745,0.324426367107892,0.105207429367229,0.959102529589526,1.5,1.3,1,1,"Critical"
3,54.2,"Month to Month","Bank Withdrawal",0.13548421272953,0.167856699382954,0.234268999557966,0.0250806478506998,0.212903043796591,0.224406396682259,0.9749193521493,1.5,1.3,1,1,"Critical"
1,19.05,"Month to Month","Credit Card",0.353347380970326,0.0766367901485674,0.0660159158907408,0.0630026180724137,0.0936388136054743,0.347358481312478,0.936997381927586,1.5,1.3,1,1,"Critical"
2,19.5,"Month to Month","Mailed Check",0.30951200420517,0.129343207167919,0.130448289813245,0.0592737793927638,0.0678721890996553,0.303550530321247,0.940726220607236,1.5,1.3,1,1,"Critical"
1,19.85,"One Year","Credit Card",0.0701742042725975,0.0198645150969463,0.0502142491322743,0.722752186604083,0.0205172665999593,0.11647757829414,0.277247813395917,1.5,1,1,0.415871720093875,"Medium"
3,30.75,"Month to Month","Bank Withdrawal",0.124359430798281,0.133433768610837,0.343957123412357,0.11537723744279,0.205136130670358,0.0777363090653762,0.88462276255721,1.5,1.3,1,1,"Critical"
1,19.25,"Month to Month","Bank Withdrawal",0.437058488890909,0.0932509454581234,0.0441660594956679,0.0401865074825531,0.0776118742661336,0.307726124406613,0.959813492517447,1.5,1.3,1,1,"Critical"
1,20.35,"Two Year","Credit Card",0.00417409966840667,0.000954794675702622,0.00533572939782545,0.979536368034792,0.000866856100703601,0.00913215212256939,0.0204636319652076,1.5,1,1,0.0306954479478114,"Low"
1,19.85,"Month to Month","Credit Card",0.354760992616066,0.073572310998757,0.0583350757962187,0.0670564549572824,0.0781229187222197,0.368152246909456,0.932943545042718,1.5,1.3,1,1,"Critical"
1,19.75,"Month to Month","Bank Withdrawal",0.417229673695271,0.0745892742898943,0.0633747014371584,0.0471283933741771,0.0540532892612025,0.343624667942297,0.952871606625823,1.5,1.3,1,1,"Critical"
3,19.45,"One Year","Credit Card",0.166344373681003,0.0585521021076295,0.101106888487245,0.295371508886081,0.111568591141712,0.26705653569633,0.704628491113919,1.5,1,1,1,"Critical"
1,19.65,"Month to Month","Bank Withdrawal",0.371743130188309,0.077181490394658,0.0985245546125102,0.0625492777868556,0.0800538095842716,0.309947737433395,0.937450722213144,1.5,1.3,1,1,"Critical"
3,86.05,"Month to Month","Credit Card",0.249149246580307,0.144720076581899,0.114044590323381,0.0150805248887386,0.173242775317815,0.303762786307861,0.984919475111261,1.5,1.3,1,1,"Critical"
3,65.25,"Month to Month","Credit Card",0.110750547188225,0.163217308997123,0.274532460986172,0.0281943557719729,0.231870397150006,0.191434929906501,0.971805644228027,1.5,1.3,1,1,"Critical"
1,95.85,"Month to Month","Bank Withdrawal",0.161714388776756,0.198233301612317,0.180538606127382,0.00789753579474478,0.297621798903357,0.153994368785443,0.992102464205255,1.5,1.3,1,1,"Critical"
1,49.9,"Month to Month","Bank Withdrawal",0.166906285648581,0.147214521372099,0.273199838154489,0.0381557707513942,0.224247888057734,0.150275696015703,0.961844229248606,1.5,1.3,1,1,"Critical"
3,19.1,"Two Year","Mailed Check",0.00528315449826123,0.00542988242076289,0.0173673554849844,0.954419811821175,0.00123989689068523,0.0162598988841313,0.045580188178825,1.5,1,1,0.0683702822682375,"Low"
1,19,"Month to Month","Credit Card",0.407411522325307,0.0476076013663226,0.0340262215449492,0.101757021682867,0.0438960397663376,0.365301593314217,0.898242978317133,1.5,1.3,1,1,"Critical"
1,75.1,"Month to Month","Bank Withdrawal",0.208647200237088,0.197995763935084,0.214723839442234,0.010228288029001,0.204552326938952,0.16385258141764,0.989771711970999,1.5,1.3,1,1,"Critical"
1,49.9,"Month to Month","Credit Card",0.263402252749137,0.0957933933651938,0.149442590471507,0.111123526669121,0.171540501837229,0.208697734907812,0.888876473330879,1.5,1.3,1,1,"Critical"
3,19.65,"Month to Month","Credit Card",0.299372542146566,0.0288763002782255,0.0570055848081601,0.293440096660147,0.031465334498615,0.289840141608286,0.706559903339853,1.5,1.3,1,1,"Critical"
1,49.95,"Month to Month","Bank Withdrawal",0.162601852862476,0.228697849945693,0.228276696326851,0.0323548419032933,0.20799483190541,0.140073927056276,0.967645158096707,1.5,1.3,1,1,"Critical"
1,43.8,"Month to Month","Bank Withdrawal",0.148574273049783,0.168353366182479,0.175695768058265,0.0284069103008388,0.211803681768816,0.267166000639819,0.971593089699161,1.5,1.3,1,1,"Critical"
1,49.9,"Month to Month","Bank Withdrawal",0.11878920188294,0.139480912967191,0.191332597352432,0.0266692963100672,0.360430563473388,0.163297428013982,0.973330703689933,1.5,1.3,1,1,"Critical"
1,19.55,"Month to Month","Credit Card",0.254921842164167,0.0536385356091738,0.0773356738244899,0.0702210656992953,0.0831049792198677,0.460777903483006,0.929778934300705,1.5,1.3,1,1,"Critical"
1,85,"Month to Month","Bank Withdrawal",0.13361276976769,0.20161620576283,0.312969264451054,0.00928384414068182,0.194809562306831,0.147708353570913,0.990716155859318,1.5,1.3,1,1,"Critical"
1,70.25,"Month to Month","Bank Withdrawal",0.12977049396479,0.290798806941744,0.226625988028879,0.0102428345110349,0.243302947862337,0.0992589286912158,0.989757165488965,1.5,1.3,1,1,"Critical"
1,19.2,"Month to Month","Credit Card",0.325084679810836,0.0825991403977752,0.0607668566785805,0.0831410206134322,0.0793086674095712,0.369099635089804,0.916858979386568,1.5,1.3,1,1,"Critical"
1,19.3,"Month to Month","Credit Card",0.409234569557708,0.057127974275861,0.0415531896860588,0.0889934532848134,0.064823403594496,0.338267409601062,0.911006546715187,1.5,1.3,1,1,"Critical"
2,44.45,"Month to Month","Bank Withdrawal",0.161861739497405,0.173285595138821,0.201603587111757,0.0267476003549256,0.248210137618921,0.188291340278169,0.973252399645074,1.5,1.3,1,1,"Critical"
1,75.35,"Month to Month","Credit Card",0.17855093321749,0.265499973145156,0.138330126113484,0.0221210074692355,0.220405188350907,0.175092771703728,0.977878992530764,1.5,1.3,1,1,"Critical"
2,20.3,"Month to Month","Credit Card",0.255088336643146,0.0370649268329161,0.0396280413040283,0.373895894381,0.0560456488364082,0.238277152002501,0.626104105619,1.5,1.3,1,1,"Critical"
3,50.5,"Month to Month","Mailed Check",0.0883367863477561,0.33324218320287,0.206718989244725,0.0168442715359506,0.213900357469377,0.140957412199321,0.983155728464049,1.5,1.3,1,1,"Critical"
2,24.3,"Month to Month","Mailed Check",0.102069868302327,0.254523160117035,0.239275048035395,0.0274077394857154,0.226797780922236,0.14992640313729,0.972592260514285,1.5,1.3,1,1,"Critical"
2,61.2,"Month to Month","Credit Card",0.218189539334313,0.128026635575352,0.152593611426939,0.0729220076833908,0.162337759353379,0.265930446626626,0.927077992316609,1.5,1.3,1,1,"Critical"
2,19.95,"Month to Month","Credit Card",0.358330051393643,0.0563065840256567,0.0475030049378464,0.0705978113839736,0.0473708064145822,0.419891741844298,0.929402188616026,1.5,1.3,1,1,"Critical"
1,29.15,"Month to Month","Credit Card",0.137756081034529,0.137081575914909,0.172639888887009,0.0562456465041492,0.340846757986018,0.155430049673386,0.943754353495851,1.5,1.3,1,1,"Critical"
1,50.15,"Month to Month","Credit Card",0.139021588373666,0.16476279937843,0.206099758629082,0.0343492356137007,0.250679076473349,0.205087541531773,0.965650764386299,1.5,1.3,1,1,"Critical"
1,74.6,"Month to Month","Credit Card",0.0977364797420026,0.169565698568367,0.387593567165159,0.106228341213628,0.137851554629052,0.101024358681791,0.893771658786372,1.5,1.3,1,1,"Critical"
1,43.95,"Month to Month","Credit Card",0.134085135148578,0.211636434229149,0.172733381913611,0.0403345003926495,0.255576567861594,0.185633980454419,0.95966549960735,1.5,1.3,1,1,"Critical"
1,19.5,"Month to Month","Credit Card",0.393751950134863,0.0554976309640978,0.048902011439447,0.0602694858601739,0.0661508861278531,0.375428035473566,0.939730514139826,1.5,1.3,1,1,"Critical"
1,61.15,"Month to Month","Bank Withdrawal",0.149699341581,0.153699230864264,0.165689896930417,0.0217548886548815,0.213615150967531,0.295541491001907,0.978245111345118,1.5,1.3,1,1,"Critical"
1,90.1,"Month to Month","Bank Withdrawal",0.189645678685256,0.181685284825776,0.233161749011534,0.0539391967804045,0.214293405593716,0.127274685103313,0.946060803219596,1.5,1.3,1,1,"Critical"
1,44,"Month to Month","Bank Withdrawal",0.197898945866514,0.14604465497582,0.197312306602596,0.0191640429780649,0.228335859598913,0.211244189978092,0.980835957021935,1.5,1.3,1,1,"Critical"
1,81.05,"Month to Month","Bank Withdrawal",0.204667799977086,0.175606048874631,0.267406372263396,0.0671923170202244,0.16057382702676,0.124553634837903,0.932807682979776,1.5,1.3,1,1,"Critical"
1,55.7,"Month to Month","Credit Card",0.116983579085011,0.185503664079565,0.239654090585467,0.179618886282681,0.177731123203762,0.100508656763515,0.820381113717319,1.5,1.3,1,1,"Critical"
1,35.9,"Month to Month","Credit Card",0.163989506187448,0.106702082363748,0.161633808956927,0.0361495170435893,0.305670255129408,0.225854830318879,0.963850482956411,1.5,1.3,1,1,"Critical"
2,74.95,"Month to Month","Bank Withdrawal",0.117485955342077,0.213193066390758,0.339653899844141,0.00908888350109772,0.201919832053562,0.118658362868365,0.990911116498902,1.5,1.3,1,1,"Critical"
1,25.4,"Month to Month","Mailed Check",0.331583190787754,0.14610877101136,0.0596150629067035,0.0645943296093941,0.0540460855632073,0.344052560121581,0.935405670390606,1.5,1.3,1,1,"Critical"
1,20.25,"Month to Month","Credit Card",0.284014521627386,0.0658733714290474,0.0770863872800791,0.0934061027199947,0.0713965421858827,0.40822307475761,0.906593897280005,1.5,1.3,1,1,"Critical"
3,107.95,"Month to Month","Bank Withdrawal",0.186434328830286,0.250183411502195,0.158970762451626,0.0075888180543768,0.247394887928175,0.149427791233342,0.992411181945623,1.5,1.3,1,1,"Critical"
1,50.75,"Month to Month","Credit Card",0.108817894507843,0.209274362590752,0.163589452759903,0.0336317032996271,0.328966245444796,0.155720341397079,0.966368296700373,1.5,1.3,1,1,"Critical"
1,21.1,"Month to Month","Credit Card",0.33052039435805,0.0738294423170607,0.088738951839058,0.072500691851565,0.0826548304245126,0.351755689209754,0.927499308148435,1.5,1.3,1,1,"Critical"
2,53.45,"Month to Month","Bank Withdrawal",0.24881373990731,0.195310541549576,0.191975342939999,0.0199532602830761,0.200838169567275,0.143108945752765,0.980046739716924,1.5,1.3,1,1,"Critical"
1,25.25,"Month to Month","Bank Withdrawal",0.139391549696415,0.13173073290368,0.229731641663669,0.02899396833097,0.270124660789916,0.200027446615351,0.97100603166903,1.5,1.3,1,1,"Critical"
1,19.4,"Month to Month","Credit Card",0.30711404396346,0.0642239303787354,0.0810350349463315,0.0612159703376035,0.0808968979088597,0.40551412246501,0.938784029662396,1.5,1.3,1,1,"Critical"
1,20.4,"One Year","Credit Card",0.0592899735515332,0.0122411911419955,0.0523603442998976,0.749368831089887,0.0234886850497305,0.103250974866957,0.250631168910113,1.5,1,1,0.37594675336517,"Medium"
1,79.15,"Month to Month","Credit Card",0.174646486975407,0.251011601252434,0.172525272985676,0.0172239572792229,0.240368496217718,0.144224185289542,0.982776042720777,1.5,1.3,1,1,"Critical"
1,70.1,"Month to Month","Bank Withdrawal",0.16181008237619,0.164258194732401,0.27867791677692,0.0107560291274057,0.229374032823313,0.155123744163771,0.989243970872594,1.5,1.3,1,1,"Critical"
1,49.05,"Month to Month","Credit Card",0.157117896435697,0.192098210503079,0.193837667065938,0.0318067658412268,0.302540010007637,0.122599450146423,0.968193234158773,1.5,1.3,1,1,"Critical"
1,45.4,"Month to Month","Credit Card",0.193818978716666,0.213169514490135,0.125509355502363,0.0385400929629837,0.217616675072911,0.211345383254941,0.961459907037016,1.5,1.3,1,1,"Critical"
2,19.85,"Month to Month","Bank Withdrawal",0.30301738164586,0.0614193807481899,0.0561361349780545,0.304684692000997,0.0611169099699984,0.213625500656901,0.695315307999003,1.5,1.3,1,1,"Critical"
2,19.4,"Month to Month","Credit Card",0.351483434897748,0.0570415683370876,0.0679112185857451,0.0536183422629109,0.0691919895728247,0.400753446343684,0.946381657737089,1.5,1.3,1,1,"Critical"
3,74.55,"Month to Month","Bank Withdrawal",0.17989978459398,0.162472062239648,0.246945945086882,0.0140778630582383,0.220305744495641,0.17629860052561,0.985922136941762,1.5,1.3,1,1,"Critical"
2,20.3,"Month to Month","Credit Card",0.267726298745512,0.0537776719698379,0.0795447299704349,0.0714331084746578,0.0528402681276633,0.474677922711894,0.928566891525342,1.5,1.3,1,1,"Critical"
1,19.9,"Month to Month","Credit Card",0.327799391764157,0.0901181256638747,0.0688434875718224,0.066430151586888,0.102365242738999,0.344443600674259,0.933569848413112,1.5,1.3,1,1,"Critical"
3,20,"Month to Month","Credit Card",0.394364756523393,0.0729859125488429,0.0392345834001318,0.0571259688259487,0.069889442147476,0.366399336554208,0.942874031174051,1.5,1.3,1,1,"Critical"
2,20.4,"Month to Month","Mailed Check",0.287396627300004,0.0851931331083546,0.111211235257526,0.115745936358667,0.0299350106834063,0.370518057292042,0.884254063641333,1.5,1.3,1,1,"Critical"
1,74.7,"One Year","Bank Withdrawal",0.158809125606898,0.177014215776879,0.263852670484025,0.0569087295294314,0.208315808902641,0.135099449700126,0.943091270470569,1.5,1,1,1,"Critical"
1,19.75,"Month to Month","Credit Card",0.391827517269504,0.0802889802161024,0.0612352270992564,0.0555492950752296,0.0676207941835102,0.343478186156398,0.94445070492477,1.5,1.3,1,1,"Critical"
1,74.3,"Month to Month","Mailed Check",0.0974819091126743,0.257124849105085,0.288310749787487,0.0138107703484552,0.167648058827742,0.175623662818555,0.986189229651545,1.5,1.3,1,1,"Critical"
1,20.65,"Month to Month","Credit Card",0.251199765282197,0.0414386426053931,0.0699375121180711,0.360625042001262,0.0416319265093089,0.235167111483768,0.639374957998738,1.5,1.3,1,1,"Critical"
1,24.7,"Month to Month","Credit Card",0.205482187838333,0.22764596143689,0.167830194285202,0.052595774471537,0.23431763915316,0.112128242814878,0.947404225528463,1.5,1.3,1,1,"Critical"
1,19.95,"Month to Month","Credit Card",0.323594993128311,0.0718102578936279,0.0791563334983496,0.0616743372919699,0.0527521963346282,0.411011881853114,0.93832566270803,1.5,1.3,1,1,"Critical"
2,84.05,"Two Year","Bank Withdrawal",0.130120738912316,0.266972881223068,0.215748910852378,0.0972160788163803,0.0968589138869644,0.193082476308893,0.90278392118362,1.5,1,1,1,"Critical"
1,19.55,"Month to Month","Credit Card",0.291214594085783,0.0617978915232885,0.111882781889696,0.0716090286784403,0.0725288423121847,0.390966861510607,0.92839097132156,1.5,1.3,1,1,"Critical"
1,70.45,"Month to Month","Bank Withdrawal",0.234780483768435,0.179435961966852,0.205713667933843,0.0285221025047747,0.190784718043159,0.160763065782937,0.971477897495225,1.5,1.3,1,1,"Critical"
1,20.35,"Month to Month","Credit Card",0.278178563910253,0.0684193980121871,0.0746783132477116,0.0723937789040799,0.0527521006690143,0.453577845256754,0.92760622109592,1.5,1.3,1,1,"Critical"
1,49,"Month to Month","Credit Card",0.114245153298881,0.146404967978137,0.200834932210236,0.0500802998461694,0.264847090253948,0.223587556412629,0.949919700153831,1.5,1.3,1,1,"Critical"
3,20.85,"Month to Month","Credit Card",0.159041464423653,0.0415173564622162,0.0946392793649735,0.436880858912179,0.0745077991782905,0.193413241658688,0.563119141087821,1.5,1.3,1,1,"Critical"
3,46.1,"Month to Month","Mailed Check",0.090813266827343,0.250296326863045,0.267970985025069,0.0225663282487491,0.227577772971865,0.140775320063929,0.977433671751251,1.5,1.3,1,1,"Critical"
2,19.65,"Month to Month","Credit Card",0.384980175369905,0.0858154846645839,0.0409995850602744,0.0430600336479367,0.0616376824533633,0.383507038803937,0.956939966352063,1.5,1.3,1,1,"Critical"
1,19.9,"Month to Month","Bank Withdrawal",0.412094308182607,0.0889447168270104,0.0773507168467698,0.05532090168552,0.0917680434147568,0.274521313043336,0.94467909831448,1.5,1.3,1,1,"Critical"
1,20.45,"Month to Month","Mailed Check",0.22491304206606,0.14595262596438,0.121376410362563,0.0495726833721738,0.0629406827588562,0.395244555475967,0.950427316627826,1.5,1.3,1,1,"Critical"
1,44.75,"Month to Month","Credit Card",0.134275938766124,0.21810262250713,0.268782612176568,0.0311684439094861,0.209067342139918,0.138603040500774,0.968831556090514,1.5,1.3,1,1,"Critical"
1,20.3,"Month to Month","Credit Card",0.258056017348793,0.0696627652084468,0.0941595073154947,0.0848290268387013,0.0672180702328208,0.426074613055743,0.915170973161299,1.5,1.3,1,1,"Critical"
1,-8,"Month to Month","Credit Card",0.281285053788555,0.073944618499861,0.103389449322522,0.0923042314646961,0.0910660120426083,0.358010634881757,0.907695768535304,1.5,1.3,1,1,"Critical"
1,20.75,"Month to Month","Credit Card",0.32174838596589,0.062388957833022,0.0779630794104572,0.0697223081209805,0.0594703480370201,0.40870692063263,0.930277691879019,1.5,1.3,1,1,"Critical"
3,71.1,"Two Year","Credit Card",0.0457513832579571,0.122952569365985,0.166997022121734,0.38730977799986,0.11590871757041,0.161080529684054,0.61269022200014,1.5,1,1,0.919035333000211,"Critical"
1,25.7,"Month to Month","Bank Withdrawal",0.444931762132597,0.0668431878287293,0.0467709291679391,0.0476909490143171,0.0549198458162407,0.338843326040177,0.952309050985683,1.5,1.3,1,1,"Critical"
1,50.15,"Month to Month","Bank Withdrawal",0.158716850834322,0.190450462867738,0.17347387266822,0.0225146702957043,0.224815195640859,0.230028947693157,0.977485329704296,1.5,1.3,1,1,"Critical"
3,80.35,"Month to Month","Bank Withdrawal",0.231834133105392,0.28258139974111,0.154533485320929,0.00883495393611749,0.121013284427722,0.20120274346873,0.991165046063883,1.5,1.3,1,1,"Critical"
1,83.4,"Month to Month","Credit Card",0.160332964517862,0.155691915105361,0.226693778348935,0.0261256435725412,0.189944541007408,0.241211157447893,0.973874356427459,1.5,1.3,1,1,"Critical"
3,20.5,"Month to Month","Bank Withdrawal",0.371399840375199,0.0991467547201576,0.0730150279818727,0.0559402938485025,0.0737454336201735,0.326752649454094,0.944059706151497,1.5,1.3,1,1,"Critical"
3,74.75,"Month to Month","Mailed Check",0.113672912990172,0.305171550993625,0.231112961700358,0.00827388294562991,0.203250000484201,0.138518690886014,0.99172611705437,1.5,1.3,1,1,"Critical"
1,20.05,"Month to Month","Credit Card",0.270437265850343,0.0263495985599917,0.0756708150603428,0.217124998458327,0.0353222381149205,0.375095083956075,0.782875001541673,1.5,1.3,1,1,"Critical"
2,19.9,"Month to Month","Bank Withdrawal",0.371177894450223,0.0528034771229085,0.0458586732109756,0.0384373639827735,0.0429384271275381,0.448784164105581,0.961562636017226,1.5,1.3,1,1,"Critical"
1,59.55,"Month to Month","Credit Card",0.11033788816483,0.156442729447994,0.306109708033483,0.0493622857187495,0.226637396715875,0.151109991919069,0.95063771428125,1.5,1.3,1,1,"Critical"
1,24.7,"Month to Month","Bank Withdrawal",0.155791480239516,0.122950050853378,0.345531957482568,0.085425780346728,0.186417597793264,0.103883133284547,0.914574219653272,1.5,1.3,1,1,"Critical"
1,19.55,"Month to Month","Credit Card",0.394129339398838,0.0739150384497963,0.0553558541750914,0.0657620242052285,0.0529090349923404,0.357928708778705,0.934237975794772,1.5,1.3,1,1,"Critical"
2,74.2,"Two Year","Bank Withdrawal",0.115479186687419,0.243515966100422,0.228936529480627,0.145193485694851,0.107366401037257,0.159508430999423,0.854806514305149,1.5,1,1,1,"Critical"
2,69.8,"Month to Month","Bank Withdrawal",0.17299017957533,0.231369617504393,0.176009116557458,0.0135767995214017,0.269873958368179,0.136180328473239,0.986423200478598,1.5,1.3,1,1,"Critical"
1,44.55,"Month to Month","Bank Withdrawal",0.173390014306442,0.16046996352122,0.219401161116775,0.0839075648056392,0.192305985771222,0.170525310478702,0.916092435194361,1.5,1.3,1,1,"Critical"
2,70.4,"Month to Month","Credit Card",0.108540221738987,0.124149052707264,0.34831686102725,0.104500996014718,0.211384068706976,0.103108799804806,0.895499003985282,1.5,1.3,1,1,"Critical"
1,69.95,"Month to Month","Credit Card",0.101682341923028,0.108622284481193,0.267303497111746,0.243163805655984,0.199160270878346,0.0800677999497036,0.756836194344016,1.5,1.3,1,1,"Critical"
1,18.8,"One Year","Mailed Check",0.0474736512071382,0.0503250417206151,0.0615172239125198,0.756124578842577,0.0259197577976715,0.0586397465194789,0.243875421157423,1.5,1,1,0.365813131736135,"Medium"
2,51.4,"Month to Month","Bank Withdrawal",0.138986574984611,0.188089228942692,0.352743924509532,0.0148375554999041,0.218661293306078,0.0866814227571833,0.985162444500096,1.5,1.3,1,1,"Critical"
3,95.4,"Month to Month","Bank Withdrawal",0.136110746697505,0.191729324469253,0.310553743496499,0.008989869067681,0.182252894832282,0.170363421436779,0.991010130932319,1.5,1.3,1,1,"Critical"
3,69.95,"One Year","Bank Withdrawal",0.138238444940418,0.190223111954231,0.244594925906548,0.060760801242163,0.186829901330015,0.179352814626625,0.939239198757837,1.5,1,1,1,"Critical"
2,20.7,"Month to Month","Bank Withdrawal",0.402432154721808,0.0983868436509752,0.0745244230705179,0.051233130485962,0.0851954292672241,0.288228018803513,0.948766869514038,1.5,1.3,1,1,"Critical"
1,20.05,"Month to Month","Credit Card",0.334964221866541,0.0730415790349126,0.0700319078714252,0.0845246108461993,0.0857678840366095,0.351669796344313,0.915475389153801,1.5,1.3,1,1,"Critical"
3,20.2,"Month to Month","Bank Withdrawal",0.36851166117776,0.0337539528987174,0.0787577552897346,0.188082296227934,0.0419743200718515,0.288920014334003,0.811917703772066,1.5,1.3,1,1,"Critical"
3,60.65,"Month to Month","Credit Card",0.0894037125816613,0.109862856466813,0.224456149774369,0.0286169125754397,0.309928445882055,0.237731922719662,0.97138308742456,1.5,1.3,1,1,"Critical"
3,34.8,"Month to Month","Credit Card",0.0920035685623463,0.163059814565606,0.254704370357704,0.0306676827214848,0.327968255860686,0.131596307932172,0.969332317278515,1.5,1.3,1,1,"Critical"
1,25.85,"One Year","Credit Card",0.0719569323048187,0.104467134850139,0.26677929203393,0.1678518735373,0.27805523769394,0.110889529579874,0.8321481264627,1.5,1,1,1,"Critical"
3,89.85,"Month to Month","Bank Withdrawal",0.250820694608534,0.170955289791041,0.154064987347541,0.0464692992912833,0.163486917435327,0.214202811526274,0.953530700708717,1.5,1.3,1,1,"Critical"
3,29.8,"Month to Month","Credit Card",0.128743390948832,0.128989611753162,0.239198939065745,0.0525649294145099,0.22213598725712,0.22836714156063,0.94743507058549,1.5,1.3,1,1,"Critical"
2,60.95,"Month to Month","Bank Withdrawal",0.187588177716975,0.130008435107995,0.19374569343129,0.0540184355951992,0.222489465154526,0.212149792994015,0.945981564404801,1.5,1.3,1,1,"Critical"
1,20.3,"Month to Month","Credit Card",0.301381804988015,0.0669255613932709,0.0704816213471742,0.0624522569250783,0.0854899011079443,0.413268854238517,0.937547743074922,1.5,1.3,1,1,"Critical"
2,80.55,"Month to Month","Credit Card",0.156157487159187,0.122774972967588,0.195756983126418,0.02070883463392,0.217692098932875,0.286909623180013,0.97929116536608,1.5,1.3,1,1,"Critical"
2,19.25,"Month to Month","Credit Card",0.319556860705253,0.0555734609656602,0.0785135452990995,0.0872529895692155,0.0576811031470929,0.401422040313678,0.912747010430785,1.5,1.3,1,1,"Critical"
3,80.7,"Month to Month","Bank Withdrawal",0.234724562792703,0.194930484985382,0.189551441334796,0.0507616881966797,0.173338259544194,0.156693563146245,0.94923831180332,1.5,1.3,1,1,"Critical"
3,20.25,"Month to Month","Bank Withdrawal",0.307608521197779,0.0654080476008801,0.107721381677631,0.0584613904398437,0.100807615739615,0.359993043344251,0.941538609560156,1.5,1.3,1,1,"Critical"
2,-8,"Month to Month","Bank Withdrawal",0.114720864872161,0.138929554067851,0.303875468971531,0.0365833917546752,0.27382305128489,0.132067669048891,0.963416608245325,1.5,1.3,1,1,"Critical"
1,20.2,"Month to Month","Mailed Check",0.316689113015394,0.163235221716309,0.0896773853999333,0.0542574740329197,0.0558019964200784,0.320338809415365,0.94574252596708,1.5,1.3,1,1,"Critical"
2,45.25,"Month to Month","Credit Card",0.16563775604759,0.191523800266928,0.231099137375147,0.0343565280640854,0.193387765799225,0.183995012447025,0.965643471935915,1.5,1.3,1,1,"Critical"
2,72.6,"Month to Month","Mailed Check",0.14966709588667,0.329780893473441,0.240276591064394,0.00681827180721791,0.134038975382281,0.139418172385995,0.993181728192782,1.5,1.3,1,1,"Critical"
1,19.2,"Month to Month","Credit Card",0.246369087352348,0.0270430051931637,0.0823038857751295,0.245734068651542,0.0468745534710065,0.35167539955681,0.754265931348458,1.5,1.3,1,1,"Critical"
3,92,"Month to Month","Bank Withdrawal",0.229703128451159,0.237764535818087,0.134433242475138,0.00705493767956681,0.20180085946605,0.189243296109999,0.992945062320433,1.5,1.3,1,1,"Critical"
3,76.1,"Month to Month","Bank Withdrawal",0.153501321780785,0.189966835177333,0.265127813945878,0.00911161187129686,0.224050655099564,0.158241762125143,0.990888388128703,1.5,1.3,1,1,"Critical"
1,19.2,"Month to Month","Credit Card",0.0718921129129377,0.00828539738864938,0.0332182056063128,0.799919960067843,0.0135019626904082,0.0731823613338494,0.200080039932157,1.5,1.3,1,0.390156077867707,"Medium"
3,20.05,"Month to Month","Credit Card",0.283785549247194,0.0629457176069477,0.0848642323618423,0.126138911950533,0.05444860389331,0.387816984940173,0.873861088049467,1.5,1.3,1,1,"Critical"
3,74.6,"Month to Month","Bank Withdrawal",0.265095769583204,0.242160541290227,0.216666490719364,0.0207216440505512,0.112754429716279,0.142601124640374,0.979278355949449,1.5,1.3,1,1,"Critical"
1,45.25,"One Year","Bank Withdrawal",0.144291202015398,0.192865306173007,0.196962192745192,0.0757541465481243,0.241060571232904,0.149066581285374,0.924245853451876,1.5,1,1,1,"Critical"
2,79.55,"Month to Month","Bank Withdrawal",0.149318190707209,0.199512205546186,0.234490080486363,0.0145878578155901,0.162805021026644,0.239286644418007,0.98541214218441,1.5,1.3,1,1,"Critical"
2,79.45,"Month to Month","Bank Withdrawal",0.183828452859991,0.20477135548939,0.300639038371308,0.0150695188638818,0.161223154226894,0.134468480188535,0.984930481136118,1.5,1.3,1,1,"Critical"
1,24.4,"Month to Month","Credit Card",0.0999386895295917,0.125147700739604,0.268210423673539,0.0448668311403287,0.247071331866184,0.214765023050752,0.955133168859671,1.5,1.3,1,1,"Critical"
2,84.05,"Month to Month","Bank Withdrawal",0.134729290159598,0.180253412374568,0.261538847149146,0.110729784382781,0.210517092261899,0.102231573672009,0.889270215617219,1.5,1.3,1,1,"Critical"
1,55.3,"Month to Month","Credit Card",0.0939072102812211,0.134785345689836,0.312072631398374,0.174387077695426,0.195254677916266,0.0895930570188775,0.825612922304574,1.5,1.3,1,1,"Critical"
1,45.55,"Month to Month","Mailed Check",0.120892352009813,0.320442027155589,0.161794646521289,0.0145368536654961,0.215829705486727,0.166504415161087,0.985463146334504,1.5,1.3,1,1,"Critical"
1,55.05,"Month to Month","Credit Card",0.187256225233968,0.186448975322897,0.187486528387623,0.0258771185772276,0.261189165485123,0.151741986993161,0.974122881422772,1.5,1.3,1,1,"Critical"
1,20.35,"Month to Month","Credit Card",0.365833521203887,0.087621701908274,0.0632617431672429,0.0635227412706392,0.0620553950725892,0.357704897377368,0.936477258729361,1.5,1.3,1,1,"Critical"
2,20.45,"Month to Month","Mailed Check",0.257666223016802,0.114983399048085,0.125972070692157,0.0546183321114485,0.0393483126854624,0.407411662446046,0.945381667888551,1.5,1.3,1,1,"Critical"
3,35.1,"Month to Month","Credit Card",0.18077929398694,0.103146031168592,0.18086933743932,0.0889098761482973,0.271251334277767,0.175044126979084,0.911090123851703,1.5,1.3,1,1,"Critical"
2,54.45,"Month to Month","Credit Card",0.157493270423645,0.113974932455177,0.119635446539475,0.049441733072428,0.328129369140564,0.231325248368711,0.950558266927572,1.5,1.3,1,1,"Critical"
1,20.75,"Month to Month","Credit Card",0.350186389735924,0.0690521512883674,0.0715721925162997,0.108018346591508,0.086033501717862,0.315137418150039,0.891981653408492,1.5,1.3,1,1,"Critical"
1,19.45,"Month to Month","Bank Withdrawal",0.439973172126448,0.0450479597229038,0.0436927662327929,0.129421909595045,0.0528407010758468,0.289023491246964,0.870578090404955,1.5,1.3,1,1,"Critical"
1,-1,"Month to Month","Bank Withdrawal",0.153212626159941,0.169192702862239,0.224071699198059,0.0319093344982677,0.277402786591525,0.144210850689968,0.968090665501732,1.5,1.3,1,1,"Critical"
2,-1,"Month to Month","Credit Card",0.158101949777811,0.179138442764463,0.227247215740589,0.0295478220071378,0.229165567253652,0.176799002456347,0.970452177992862,1.5,1.3,1,1,"Critical"
1,19.75,"Month to Month","Bank Withdrawal",0.398395676565479,0.0632449566486314,0.0591372550137375,0.0367660796664254,0.0654493979653543,0.377006634140372,0.963233920333575,1.5,1.3,1,1,"Critical"
1,20.4,"Month to Month","Credit Card",0.309231817590991,0.0897628345385887,0.0689702913387931,0.0843773847010371,0.0695396728901354,0.378117998940455,0.915622615298963,1.5,1.3,1,1,"Critical"
3,20.2,"Month to Month","Bank Withdrawal",0.422424655377525,0.0835212458205099,0.063107563382153,0.039453909425271,0.045460112631149,0.346032513363393,0.960546090574729,1.5,1.3,1,1,"Critical"
1,19.65,"Month to Month","Credit Card",0.27778098751609,0.0584023333723738,0.0671551058957973,0.0758965207095513,0.0726688309792714,0.448096221526916,0.924103479290449,1.5,1.3,1,1,"Critical"
2,43.95,"Month to Month","Bank Withdrawal",0.276149710426729,0.176882074657424,0.152699044031638,0.0182675722178342,0.182340193279305,0.193661405387069,0.981732427782166,1.5,1.3,1,1,"Critical"
3,18.8,"Month to Month","Credit Card",0.36369472039048,0.0500869433338142,0.0524827176936517,0.0578927454255111,0.0724032502742547,0.403439622882288,0.942107254574489,1.5,1.3,1,1,"Critical"
1,20,"Month to Month","Bank Withdrawal",0.235859214900285,0.0275819937053776,0.0780140205832456,0.419467909292031,0.0446704411148731,0.194406420404188,0.580532090707969,1.5,1.3,1,1,"Critical"
1,35,"Month to Month","Bank Withdrawal",0.0792148441016913,0.109111096963254,0.295589229268177,0.165780970580749,0.286577238469516,0.0637266206166125,0.834219029419251,1.5,1.3,1,1,"Critical"
2,19.65,"Month to Month","Bank Withdrawal",0.345750754468588,0.0560063624656866,0.07674322614551,0.0477068217860152,0.0675232878310554,0.406269547303145,0.952293178213985,1.5,1.3,1,1,"Critical"
1,71.25,"Two Year","Bank Withdrawal",0.0957268453334936,0.245848369391732,0.275441452146869,0.132165390290639,0.112048949722509,0.138768993114757,0.867834609709361,1.5,1,1,1,"Critical"
3,85.7,"Month to Month","Credit Card",0.152650875463958,0.218120863639525,0.16086065664979,0.0160149624564331,0.242414364788167,0.209938277002127,0.983985037543567,1.5,1.3,1,1,"Critical"
1,19.75,"Month to Month","Credit Card",0.372336690860718,0.0774352863749689,0.0638952364310211,0.065556163498684,0.0782150183086888,0.342561604525919,0.934443836501316,1.5,1.3,1,1,"Critical"
2,19.75,"Month to Month","Credit Card",0.362561806495935,0.0607911019213194,0.0545702792019501,0.0596110213667782,0.0820302024685254,0.380435588545492,0.940388978633222,1.5,1.3,1,1,"Critical"
1,44.05,"Month to Month","Bank Withdrawal",0.236776759729023,0.260775653691905,0.170208408246884,0.0169750898936859,0.189411990283446,0.125852098155057,0.983024910106314,1.5,1.3,1,1,"Critical"
3,75.05,"One Year","Credit Card",0.170485620828577,0.18576881086691,0.188962099218608,0.0863122622589169,0.146331727818887,0.222139479008101,0.913687737741083,1.5,1,1,1,"Critical"
1,20.6,"Month to Month","Credit Card",0.434596794712261,0.0595688642515233,0.0371078965763232,0.0469300766569349,0.0621979851020459,0.359598382700912,0.953069923343065,1.5,1.3,1,1,"Critical"
2,60.85,"Month to Month","Bank Withdrawal",0.173932944342587,0.203779663062246,0.207721484496052,0.0195780858402342,0.260468837676031,0.13451898458285,0.980421914159766,1.5,1.3,1,1,"Critical"
1,20.8,"Month to Month","Credit Card",0.369985646580162,0.0762912264747336,0.0373023682544798,0.0670775904200916,0.0504793595891631,0.39886380868137,0.932922409579908,1.5,1.3,1,1,"Critical"
3,50.25,"Month to Month","Credit Card",0.135226735898813,0.155653083845384,0.261604751656186,0.0323591328254913,0.281130164487959,0.134026131286168,0.967640867174509,1.5,1.3,1,1,"Critical"
3,70.3,"Month to Month","Credit Card",0.114297966372561,0.199603867001702,0.257473410826167,0.0147539296930119,0.265150990824924,0.148719835281633,0.985246070306988,1.5,1.3,1,1,"Critical"
3,45.45,"Month to Month","Credit Card",0.116937851350703,0.205826120291638,0.272458917471881,0.0242413621452582,0.260161599606282,0.120374149134239,0.975758637854742,1.5,1.3,1,1,"Critical"
1,49.5,"Month to Month","Bank Withdrawal",0.108046757106213,0.18122441988905,0.32143660685174,0.0191024385480418,0.229457272144939,0.140732505460016,0.980897561451958,1.5,1.3,1,1,"Critical"
3,74.95,"Month to Month","Bank Withdrawal",0.204222342769708,0.233369868999167,0.141930447749124,0.00961546823581075,0.258870900823391,0.151990971422799,0.990384531764189,1.5,1.3,1,1,"Critical"
2,90.75,"Month to Month","Credit Card",0.261717871862026,0.157487661735867,0.0885954252556622,0.0148909495866146,0.154114362453512,0.323193729106318,0.985109050413385,1.5,1.3,1,1,"Critical"
1,44.6,"Month to Month","Mailed Check",0.0732541208838355,0.314374091342389,0.262301835967699,0.017746567417117,0.165741442442968,0.166581941945991,0.982253432582883,1.5,1.3,1,1,"Critical"
1,25.25,"Month to Month","Bank Withdrawal",0.170206885069862,0.217837046506354,0.248398460062059,0.0252312411275697,0.245200719434511,0.0931256477996442,0.97476875887243,1.5,1.3,1,1,"Critical"
2,49.95,"Two Year","Mailed Check",0.0637380469020067,0.251984620562483,0.246634180345532,0.174520412286646,0.0779499301839533,0.185172809719379,0.825479587713354,1.5,1,1,1,"Critical"
1,19.2,"Month to Month","Bank Withdrawal",0.301899236489212,0.141507056190311,0.0835691454013748,0.0529273062214132,0.0964677223528519,0.323629533344837,0.947072693778587,1.5,1.3,1,1,"Critical"
2,79.95,"Month to Month","Bank Withdrawal",0.19479571982256,0.269551524829259,0.22074624464857,0.0114172776874786,0.181969591576135,0.121519641435996,0.988582722312521,1.5,1.3,1,1,"Critical"
2,24.5,"Month to Month","Bank Withdrawal",0.153893465217146,0.142304893805581,0.190546267851979,0.0295689285819646,0.325727491690513,0.157958952852816,0.970431071418035,1.5,1.3,1,1,"Critical"
2,20,"Month to Month","Mailed Check",0.174740187467916,0.11292065691725,0.106733318105566,0.382776682736785,0.0440426857783786,0.178786468994105,0.617223317263215,1.5,1.3,1,1,"Critical"
1,89.35,"Month to Month","Bank Withdrawal",0.172770597210985,0.19521654254102,0.189548221533739,0.0149684068324517,0.266752802116706,0.160743429765098,0.985031593167548,1.5,1.3,1,1,"Critical"
1,19.85,"Month to Month","Credit Card",0.292649972247327,0.0385783924312024,0.0672006134981524,0.139480165088346,0.040638755857635,0.421452100877338,0.860519834911654,1.5,1.3,1,1,"Critical"
1,24.9,"Month to Month","Credit Card",0.132688367833093,0.175445016638185,0.292995380954146,0.0366412787473245,0.252284899648539,0.109945056178713,0.963358721252676,1.5,1.3,1,1,"Critical"
1,44.75,"Month to Month","Bank Withdrawal",0.18039902599777,0.193674476175015,0.170212808107711,0.0207157802777678,0.273190593773026,0.161807315668711,0.979284219722232,1.5,1.3,1,1,"Critical"
3,20.25,"One Year","Mailed Check",0.145967321101096,0.0781259364721441,0.138924741819707,0.179994639267127,0.0706572856886729,0.386330075651254,0.820005360732873,1.5,1,1,1,"Critical"
2,71.3,"Month to Month","Credit Card",0.221652787794379,0.193949080617459,0.130605181730209,0.0136097172849891,0.260787378335124,0.17939585423784,0.986390282715011,1.5,1.3,1,1,"Critical"
2,69.7,"Month to Month","Bank Withdrawal",0.184057565247366,0.228925845425627,0.214009657199134,0.0113309351573879,0.218169331795316,0.143506665175169,0.988669064842612,1.5,1.3,1,1,"Critical"
2,45.55,"Month to Month","Bank Withdrawal",0.214735588563816,0.211038755545729,0.16568054023085,0.0308666038613632,0.182003293632827,0.195675218165415,0.969133396138637,1.5,1.3,1,1,"Critical"
1,20.35,"Month to Month","Credit Card",0.343852928763974,0.0863532883740957,0.0389362150026117,0.0660574799850508,0.0728315274592719,0.391968560414996,0.933942520014949,1.5,1.3,1,1,"Critical"
1,20.05,"Month to Month","Credit Card",0.295777647572128,0.0586323805251608,0.0809176585251539,0.0673678386980554,0.105252391406077,0.392052083273425,0.932632161301945,1.5,1.3,1,1,"Critical"
3,19.55,"Month to Month","Bank Withdrawal",0.349311893263544,0.0610370701957556,0.0746534585820788,0.0485424710707768,0.0457941201243424,0.420660986763503,0.951457528929223,1.5,1.3,1,1,"Critical"
2,20.2,"One Year","Credit Card",0.0745557861971779,0.0239224217336934,0.0487226809096643,0.74146178416571,0.037305673055795,0.0740316539379591,0.25853821583429,1.5,1,1,0.387807323751435,"Medium"
1,45.2,"Two Year","Bank Withdrawal",0.106183514388282,0.155892806680318,0.182946713186862,0.276780932612094,0.0701893560312668,0.208006677101177,0.723219067387906,1.5,1,1,1,"Critical"
1,55.55,"Month to Month","Mailed Check",0.0831715250204998,0.366102118653309,0.203745519798705,0.0130724651523183,0.180786435783836,0.153121935591331,0.986927534847682,1.5,1.3,1,1,"Critical"
2,80.15,"Month to Month","Bank Withdrawal",0.238460444749312,0.125684585706053,0.143093452266437,0.0122664800488517,0.181309070388125,0.299185966841221,0.987733519951148,1.5,1.3,1,1,"Critical"
2,74.75,"Month to Month","Bank Withdrawal",0.203471511603513,0.321944910370491,0.184330660185842,0.0153152011413834,0.165030808552819,0.109906908145952,0.984684798858617,1.5,1.3,1,1,"Critical"
1,20.15,"Month to Month","Bank Withdrawal",0.243909358037207,0.0291971083354291,0.0635872969545281,0.449034325637415,0.0405675326541359,0.173704378381285,0.550965674362585,1.5,1.3,1,1,"Critical"
3,73.85,"Two Year","Bank Withdrawal",0.105221303252313,0.250663670205156,0.287324809380137,0.145087536317245,0.0671253448186195,0.144577336026529,0.854912463682755,1.5,1,1,1,"Critical"
2,59.5,"Two Year","Mailed Check",0.00499358605716613,0.00740045116511819,0.0215572997928635,0.951769496415636,0.00414915106362048,0.010130015505596,0.0482305035843643,1.5,1,1,0.0723457553765465,"Low"
1,84.6,"Month to Month","Bank Withdrawal",0.207155016544212,0.238692088662099,0.133988591491208,0.00828341776057901,0.241222576629204,0.170658308912698,0.991716582239421,1.5,1.3,1,1,"Critical"
2,91.45,"Month to Month","Bank Withdrawal",0.163576470864192,0.228545839411344,0.246037110571639,0.0106852941237713,0.190047015617696,0.161108269411357,0.989314705876229,1.5,1.3,1,1,"Critical"
2,95.5,"One Year","Credit Card",0.0918874219214713,0.149318557528809,0.199013338347593,0.346972212462584,0.126859271688541,0.0859491980510013,0.653027787537416,1.5,1,1,0.979541681306124,"Critical"
3,64.4,"Month to Month","Credit Card",0.136182250365966,0.110857175108501,0.13195373955906,0.0398475319546604,0.283078035182168,0.298081267829645,0.96015246804534,1.5,1.3,1,1,"Critical"
3,69.6,"Month to Month","Credit Card",0.166927317293964,0.194340572476037,0.222406144446486,0.019691320654514,0.237340519605741,0.159294125523257,0.980308679345486,1.5,1.3,1,1,"Critical"
2,20,"Month to Month","Mailed Check",0.3004714195035,0.119992075535944,0.0693837448413033,0.0430503926580225,0.0477660587378932,0.419336308723338,0.956949607341978,1.5,1.3,1,1,"Critical"
1,70.7,"Month to Month","Credit Card",0.120691770947225,0.182191244190705,0.299703792689956,0.0228044911977276,0.20803742381402,0.166571277160367,0.977195508802272,1.5,1.3,1,1,"Critical"
1,75.55,"Month to Month","Bank Withdrawal",0.131102685030352,0.275530671555607,0.212680872518355,0.00895696247442131,0.256614161896077,0.115114646525187,0.991043037525579,1.5,1.3,1,1,"Critical"
3,19.9,"Month to Month","Credit Card",0.291102129724885,0.0486571474077925,0.0670498424436644,0.15459079148436,0.0389990659972796,0.399601022942018,0.84540920851564,1.5,1.3,1,1,"Critical"
2,20.25,"Month to Month","Credit Card",0.325825221766454,0.0588796960170794,0.0853164664550867,0.0752568891495411,0.0581135813761064,0.396608145235732,0.924743110850459,1.5,1.3,1,1,"Critical"
1,20.65,"Month to Month","Bank Withdrawal",0.459777941717644,0.0660122504590255,0.0411057653584831,0.0351256078872569,0.0671260366260217,0.330852397951569,0.964874392112743,1.5,1.3,1,1,"Critical"
2,91.15,"Month to Month","Bank Withdrawal",0.204736606724034,0.218247480839426,0.195559355131959,0.0167443692527536,0.179205814064655,0.185506373987173,0.983255630747246,1.5,1.3,1,1,"Critical"
2,70.1,"Month to Month","Bank Withdrawal",0.156282572412269,0.214853583312946,0.301562797001815,0.0750593244348611,0.115116201526598,0.137125521311512,0.924940675565139,1.5,1.3,1,1,"Critical"
3,75.3,"Month to Month","Bank Withdrawal",0.205169683484461,0.191005651090051,0.157336624596924,0.0186848630482413,0.230577676322898,0.197225501457424,0.981315136951759,1.5,1.3,1,1,"Critical"
1,45.8,"Month to Month","Credit Card",0.121679212983927,0.187124519433161,0.25992141717345,0.0279098671867726,0.262148452444371,0.141216530778319,0.972090132813227,1.5,1.3,1,1,"Critical"
3,94.85,"Two Year","Bank Withdrawal",0.0985641873357364,0.199653728840086,0.255376900378893,0.0924019465421662,0.0766726401410413,0.277330596762077,0.907598053457834,1.5,1,1,1,"Critical"
3,29.65,"Month to Month","Mailed Check",0.107079873374492,0.14605772406836,0.38741663358181,0.0940256100082239,0.169518303177628,0.0959018557894867,0.905974389991776,1.5,1.3,1,1,"Critical"
2,64.2,"Month to Month","Credit Card",0.119109402122995,0.136470041915743,0.186763421410953,0.0434599681645665,0.341199228154023,0.172997938231719,0.956540031835433,1.5,1.3,1,1,"Critical"
2,19.95,"One Year","Credit Card",0.221291115667108,0.0679029316959935,0.0716942263977995,0.304315909600232,0.070859352091806,0.263936464547061,0.695684090399768,1.5,1,1,1,"Critical"
1,48.75,"Month to Month","Credit Card",0.0566128994618597,0.0658353686178318,0.136459448609291,0.529402268420538,0.131614128535836,0.0800758863546432,0.470597731579462,1.5,1.3,1,0.91766557657995,"Critical"
1,24.2,"Month to Month","Mailed Check",0.214563070143561,0.293493409971979,0.203105661932706,0.0422345155919128,0.132701398965662,0.113901943394179,0.957765484408087,1.5,1.3,1,1,"Critical"
3,64.6,"Month to Month","Bank Withdrawal",0.164801932622996,0.258614162609412,0.212044879530102,0.0206485162760694,0.23991064561703,0.103979863344391,0.979351483723931,1.5,1.3,1,1,"Critical"
2,45.85,"Month to Month","Credit Card",0.138405342087404,0.146258270454714,0.16805223837283,0.0271123412338538,0.277569374089959,0.242602433761239,0.972887658766146,1.5,1.3,1,1,"Critical"
2,70.35,"Month to Month","Bank Withdrawal",0.142340479352345,0.196813955116572,0.275250719057869,0.0163931470955203,0.198625716252821,0.170575983124873,0.98360685290448,1.5,1.3,1,1,"Critical"
1,55.25,"Month to Month","Bank Withdrawal",0.108674462216056,0.174921040796294,0.283335853622564,0.0264711058424301,0.190588340010977,0.216009197511678,0.97352889415757,1.5,1.3,1,1,"Critical"
1,44,"Month to Month","Bank Withdrawal",0.196525262690553,0.156031837121054,0.199135239968864,0.0565705682439722,0.19320906934698,0.198528022628577,0.943429431756028,1.5,1.3,1,1,"Critical"
1,69.9,"Month to Month","Bank Withdrawal",0.137381674089486,0.171131410868786,0.291589095368021,0.0112888241514381,0.231595021530131,0.157013973992137,0.988711175848562,1.5,1.3,1,1,"Critical"
1,19.65,"One Year","Mailed Check",0.190814109525978,0.0984343818351581,0.0943308641891064,0.286984231809143,0.0592144411564625,0.270221971484152,0.713015768190857,1.5,1,1,1,"Critical"
2,20.35,"Month to Month","Credit Card",0.361508019233074,0.0680422387156179,0.0627138930185741,0.0578521684807174,0.0863955315167429,0.363488149035274,0.942147831519283,1.5,1.3,1,1,"Critical"
2,69.95,"Month to Month","Credit Card",0.185362022391896,0.146601236701323,0.192571321171029,0.167070617579437,0.170929161761987,0.137465640394327,0.832929382420563,1.5,1.3,1,1,"Critical"
3,64.5,"Month to Month","Bank Withdrawal",0.304919423444276,0.0808887575797149,0.103981794292469,0.0961701909605785,0.139077498548802,0.27496233517416,0.903829809039421,1.5,1.3,1,1,"Critical"
1,24,"Month to Month","Credit Card",0.383809768708542,0.0720663895327259,0.0374070674483371,0.0802830473996799,0.0507901863780707,0.375643540532644,0.91971695260032,1.5,1.3,1,1,"Critical"
3,107.95,"Month to Month","Mailed Check",0.111788909477634,0.355609803586623,0.260253959781374,0.00655176046945946,0.117135509155786,0.148660057529123,0.993448239530541,1.5,1.3,1,1,"Critical"
3,20.55,"One Year","Credit Card",0.135251512283265,0.0302181618338019,0.0764923184476628,0.522798658265413,0.0498758833207574,0.1853634658491,0.477201341734587,1.5,1,1,0.71580201260188,"High"
2,20.5,"One Year","Bank Withdrawal",0.150020658203795,0.0239281525631433,0.0700306616768458,0.563542925530073,0.0274143214917778,0.165063280534365,0.436457074469927,1.5,1,1,0.65468561170489,"High"
1,44.45,"Month to Month","Credit Card",0.137053371175131,0.18864805516687,0.182655367650941,0.0332405550105273,0.280689833636384,0.177712817360148,0.966759444989473,1.5,1.3,1,1,"Critical"
1,20.25,"Month to Month","Credit Card",0.360819147514376,0.0403192461409864,0.0472870319275586,0.180093559842056,0.0422899068451598,0.329191107729863,0.819906440157944,1.5,1.3,1,1,"Critical"
1,19.5,"Month to Month","Credit Card",0.25779618228087,0.0474026804995346,0.0877812840992459,0.062575391699277,0.0784147104125695,0.466029751008503,0.937424608300723,1.5,1.3,1,1,"Critical"
2,69,"Month to Month","Credit Card",0.222632530307758,0.251648739982434,0.149755931964845,0.0178895824810363,0.191783899737852,0.166289315526074,0.982110417518964,1.5,1.3,1,1,"Critical"
2,20.05,"Month to Month","Credit Card",0.302216937141696,0.112925728897329,0.0675347648202177,0.0851879874553548,0.0861302512153406,0.346004330470062,0.914812012544645,1.5,1.3,1,1,"Critical"
2,49.25,"Month to Month","Credit Card",0.127169417415761,0.23851912806292,0.25813541724159,0.0401477444868644,0.22236606596225,0.113662226830615,0.959852255513136,1.5,1.3,1,1,"Critical"
3,29.75,"Month to Month","Bank Withdrawal",0.158964420141773,0.107521127660529,0.20536156097389,0.0302744287119639,0.239507507941835,0.25837095457001,0.969725571288036,1.5,1.3,1,1,"Critical"
2,46.6,"Month to Month","Bank Withdrawal",0.137107642435386,0.176260710723641,0.204318600670175,0.0187188976525697,0.32647156462012,0.137122583898109,0.98128110234743,1.5,1.3,1,1,"Critical"
1,20.45,"Month to Month","Credit Card",0.331864113431378,0.058793783197009,0.0508630572726736,0.0756471255600568,0.0601660858774313,0.422665834661451,0.924352874439943,1.5,1.3,1,1,"Critical"
1,29.9,"Month to Month","Credit Card",0.16738545555548,0.131300108540226,0.154758142355051,0.0451751905926645,0.301982301242725,0.199398801713853,0.954824809407335,1.5,1.3,1,1,"Critical"
2,29.05,"Month to Month","Bank Withdrawal",0.168017407109801,0.0897367835431996,0.247916970269694,0.18676131448642,0.160320062093797,0.147247462497089,0.81323868551358,1.5,1.3,1,1,"Critical"
2,56.55,"Month to Month","Credit Card",0.173476325068978,0.160894157364949,0.214425408809339,0.0280558198739536,0.176765579758905,0.246382709123875,0.971944180126046,1.5,1.3,1,1,"Critical"
3,70.15,"Month to Month","Bank Withdrawal",0.143022896620111,0.224832045549774,0.260378785413942,0.00969710167883745,0.208784154299183,0.153285016438153,0.990302898321163,1.5,1.3,1,1,"Critical"
1,19.75,"Month to Month","Credit Card",0.336592201234194,0.0682747153598219,0.07898230953629,0.0624063714087654,0.0493902569139032,0.404354145547025,0.937593628591235,1.5,1.3,1,1,"Critical"
1,45.85,"Month to Month","Credit Card",0.171860295976944,0.193834511491519,0.192055373551924,0.0300582792077933,0.202817231272262,0.209374308499557,0.969941720792207,1.5,1.3,1,1,"Critical"
1,44.15,"Month to Month","Bank Withdrawal",0.173863170117442,0.216046256333726,0.22875919791369,0.0152429728310413,0.227656451934757,0.138431950869344,0.984757027168959,1.5,1.3,1,1,"Critical"
1,25.35,"Month to Month","Credit Card",0.112768571336237,0.191338309843588,0.180415846805769,0.0387754576848628,0.353844510960722,0.122857303368821,0.961224542315137,1.5,1.3,1,1,"Critical"
3,19.6,"Month to Month","Credit Card",0.230551269616613,0.0526897628180378,0.0938515890039405,0.273607071546223,0.0513577758440389,0.297942531171147,0.726392928453777,1.5,1.3,1,1,"Critical"
1,46.3,"Two Year","Bank Withdrawal",0.121990099063056,0.179705446891527,0.181499696497064,0.227120274040673,0.119478982386509,0.17020550112117,0.772879725959327,1.5,1,1,1,"Critical"
1,62.8,"Month to Month","Credit Card",0.15461957440959,0.202412999744824,0.277402600450465,0.0206795013895687,0.175305476409425,0.169579847596128,0.979320498610431,1.5,1.3,1,1,"Critical"
1,19.95,"Month to Month","Credit Card",0.323188472683428,0.052920930985663,0.0424747013453114,0.0626855118740467,0.0528873611304132,0.465843021981137,0.937314488125953,1.5,1.3,1,1,"Critical"
3,41.35,"Month to Month","Credit Card",0.151724774909174,0.136398721528651,0.206983201738998,0.038092453097427,0.315741918496698,0.151058930229052,0.961907546902573,1.5,1.3,1,1,"Critical"
3,80.5,"Month to Month","Bank Withdrawal",0.168204082772131,0.253484899943863,0.201963721545872,0.0101921657068058,0.215797788676158,0.15035734135517,0.989807834293194,1.5,1.3,1,1,"Critical"
1,20.2,"Month to Month","Credit Card",0.421921465946795,0.0829888197983407,0.0427171232956855,0.0740913144931011,0.0579874717775052,0.320293804688573,0.925908685506899,1.5,1.3,1,1,"Critical"
3,20.7,"Month to Month","Credit Card",0.315446273834568,0.0559978611519508,0.0550532660970635,0.0767725250486059,0.0646623812743083,0.432067692593504,0.923227474951394,1.5,1.3,1,1,"Critical"
2,83.8,"Two Year","Bank Withdrawal",0.094422149340485,0.234650023835624,0.33742279744027,0.129214405041415,0.0777447370967243,0.126545887245481,0.870785594958585,1.5,1,1,1,"Critical"
1,-3,"One Year","Bank Withdrawal",0.0666787775466567,0.0250398334225085,0.0489455107673582,0.778788337372604,0.0247248790802417,0.0558226618106309,0.221211662627396,1.5,1,1,0.331817493941094,"Medium"
2,45.4,"Month to Month","Bank Withdrawal",0.147192877387843,0.243048249252863,0.224990988256444,0.017308660832102,0.280249207013454,0.0872100172572935,0.982691339167898,1.5,1.3,1,1,"Critical"
3,25,"Month to Month","Credit Card",0.163498420930138,0.146060170509387,0.159750961835843,0.0505107472589808,0.297184683282665,0.182995016182987,0.949489252741019,1.5,1.3,1,1,"Critical"
1,19.1,"Month to Month","Mailed Check",0.230002649221902,0.143430093818553,0.129026934342956,0.0451116411332759,0.0799461929392574,0.372482488544056,0.954888358866724,1.5,1.3,1,1,"Critical"
1,20.4,"Month to Month","Mailed Check",0.280276378921881,0.16748080923366,0.0905351029557787,0.0466812791089487,0.0799108683192762,0.335115561460455,0.953318720891051,1.5,1.3,1,1,"Critical"
1,45.3,"Month to Month","Credit Card",0.166932807543012,0.259348240551145,0.221278436033141,0.0335897422989306,0.209327986435864,0.109522787137907,0.966410257701069,1.5,1.3,1,1,"Critical"
2,50.95,"Month to Month","Credit Card",0.212427418513957,0.14746220030576,0.10671488876046,0.0320783264988423,0.217102458436954,0.284214707484027,0.967921673501158,1.5,1.3,1,1,"Critical"
2,97.1,"Month to Month","Bank Withdrawal",0.173749437092259,0.114250089315135,0.196224395797968,0.185979324947165,0.138280887636973,0.1915158652105,0.814020675052835,1.5,1.3,1,1,"Critical"
1,43.85,"Month to Month","Bank Withdrawal",0.20021950821434,0.23568430535031,0.241256422500633,0.0160006107938733,0.205990112014615,0.100849041126229,0.983999389206127,1.5,1.3,1,1,"Critical"
1,19.9,"Month to Month","Credit Card",0.226447091467498,0.066100248652273,0.0830327237048206,0.0796302135496382,0.109879470815934,0.434910251809836,0.920369786450362,1.5,1.3,1,1,"Critical"
1,30.55,"Month to Month","Credit Card",0.165083111991473,0.155431480071319,0.17385093923447,0.0428722623992862,0.300445816763603,0.16231638953985,0.957127737600714,1.5,1.3,1,1,"Critical"
1,20.95,"Month to Month","Bank Withdrawal",0.473435583508751,0.0781613835209873,0.041832719592565,0.0318011073211953,0.0612705152569346,0.313498690799567,0.968198892678805,1.5,1.3,1,1,"Critical"
3,20,"Month to Month","Mailed Check",0.275226069185249,0.113412980688667,0.117264808529837,0.0506079670121724,0.0391986739681848,0.404289500615889,0.949392032987828,1.5,1.3,1,1,"Critical"
2,59,"Month to Month","Bank Withdrawal",0.199047567805219,0.251662606801439,0.271092549336052,0.015498266442764,0.161246411291218,0.101452598323308,0.984501733557236,1.5,1.3,1,1,"Critical"
2,44.9,"Month to Month","Bank Withdrawal",0.103008925138024,0.12544478224526,0.295684892252814,0.0175911642064791,0.236725118108616,0.221545118048807,0.982408835793521,1.5,1.3,1,1,"Critical"
3,19.6,"One Year","Credit Card",0.203382188509437,0.0743016556249912,0.0736263778192979,0.319288259154867,0.074547674136022,0.254853844755385,0.680711740845133,1.5,1,1,1,"Critical"
2,50.2,"Month to Month","Credit Card",0.190171744924413,0.192304776049899,0.202557521480611,0.0224918851085456,0.265133450403885,0.127340622032647,0.977508114891454,1.5,1.3,1,1,"Critical"
2,74.9,"Month to Month","Credit Card",0.156232785475563,0.185420922934891,0.251512082461871,0.0206666729083488,0.172447743794141,0.213719792425185,0.979333327091651,1.5,1.3,1,1,"Critical"
2,20.45,"One Year","Credit Card",0.219557988405896,0.064167378305315,0.0667137297282554,0.386698408223829,0.0581205093374847,0.20474198599922,0.613301591776171,1.5,1,1,0.919952387664256,"Critical"
1,50.7,"Month to Month","Credit Card",0.223442221649235,0.190167919782848,0.152569070431837,0.025743771393937,0.155322158757781,0.252754857984362,0.974256228606063,1.5,1.3,1,1,"Critical"
1,54.3,"Month to Month","Bank Withdrawal",0.218680587118842,0.226414032630854,0.187199364725986,0.0200884295515445,0.176764638347824,0.17085294762495,0.979911570448455,1.5,1.3,1,1,"Critical"
1,33.6,"Month to Month","Credit Card",0.186080071999774,0.1290362703765,0.243781476873185,0.0631647937552321,0.264191657613743,0.113745729381566,0.936835206244768,1.5,1.3,1,1,"Critical"
2,80.45,"Month to Month","Bank Withdrawal",0.220348948412795,0.173050551450744,0.192868213907036,0.0166567081003535,0.199727144559254,0.197348433569818,0.983343291899647,1.5,1.3,1,1,"Critical"
2,20.55,"Month to Month","Mailed Check",0.309364988162444,0.166679499300756,0.111563853004668,0.0449879527594767,0.0606105930780271,0.306793113694629,0.955012047240523,1.5,1.3,1,1,"Critical"
2,20.1,"Month to Month","Bank Withdrawal",0.234421543693242,0.0626801212742763,0.0890105304901075,0.37141864386521,0.0615948043155886,0.180874356361576,0.62858135613479,1.5,1.3,1,1,"Critical"
3,55.8,"Month to Month","Mailed Check",0.0986667987191796,0.270396962519218,0.223629946798431,0.0229560799359918,0.250788239333325,0.133561972693855,0.977043920064008,1.5,1.3,1,1,"Critical"
1,20.05,"Month to Month","Credit Card",0.290036112270983,0.113338202328675,0.071231975349361,0.0664769172941757,0.100046412234527,0.358870380522279,0.933523082705824,1.5,1.3,1,1,"Critical"
3,69.15,"Month to Month","Bank Withdrawal",0.125749523282445,0.13673217156043,0.284860124420352,0.145466147328427,0.197038512833702,0.110153520574645,0.854533852671573,1.5,1.3,1,1,"Critical"
1,20.9,"Month to Month","Mailed Check",0.261004448339054,0.180724733675936,0.0979771291373932,0.043608613068883,0.091243790972815,0.325441284805919,0.956391386931117,1.5,1.3,1,1,"Critical"
3,69.85,"Month to Month","Bank Withdrawal",0.274536725754604,0.208176709813994,0.163491890504464,0.0131110436029436,0.164398918542718,0.176284711781276,0.986888956397056,1.5,1.3,1,1,"Critical"
1,54.5,"Month to Month","Bank Withdrawal",0.276145195383137,0.0764801758139629,0.160391685355609,0.108308578470199,0.122264598317287,0.256409766659806,0.891691421529801,1.5,1.3,1,1,"Critical"
1,45.15,"Month to Month","Credit Card",0.135615761664829,0.214101384128692,0.188097254961579,0.034605461009111,0.254259436528565,0.173320701707224,0.965394538990889,1.5,1.3,1,1,"Critical"
1,19.65,"Month to Month","Bank Withdrawal",0.436619815731212,0.0732459885421978,0.0416545089151997,0.0418836756793186,0.0733956148768199,0.333200396255252,0.958116324320681,1.5,1.3,1,1,"Critical"
1,19.4,"Month to Month","Credit Card",0.359538057162206,0.0770068640979971,0.0628174050661571,0.0707889779479802,0.0781651361302289,0.351683559595431,0.92921102205202,1.5,1.3,1,1,"Critical"
1,19.15,"Month to Month","Credit Card",0.358929269224916,0.0818187400244847,0.0583374039087277,0.0764986512930811,0.0913797277012824,0.333036207847509,0.923501348706919,1.5,1.3,1,1,"Critical"
1,20.2,"Month to Month","Bank Withdrawal",0.44195767918771,0.079453223313186,0.0449792699283154,0.0438504553640647,0.0636506908991881,0.326108681307536,0.956149544635935,1.5,1.3,1,1,"Critical"
1,49.75,"Month to Month","Bank Withdrawal",0.220344370696084,0.171120466321298,0.118003972180299,0.0250051681359873,0.176017183389517,0.289508839276814,0.974994831864013,1.5,1.3,1,1,"Critical"
2,70.35,"Month to Month","Bank Withdrawal",0.188792141069989,0.167011017140349,0.224155118792489,0.0165071865469706,0.21255974322629,0.190974793223913,0.983492813453029,1.5,1.3,1,1,"Critical"
3,23.6,"Month to Month","Credit Card",0.235839549503924,0.0709702898335937,0.0565227360732447,0.388981878111645,0.0679829010486856,0.179702645428907,0.611018121888355,1.5,1.3,1,1,"Critical"
1,24.4,"Month to Month","Bank Withdrawal",0.134593341659385,0.13364569727429,0.21718672842979,0.0309731204808991,0.266524505643684,0.217076606511953,0.969026879519101,1.5,1.3,1,1,"Critical"
2,100.2,"Month to Month","Bank Withdrawal",0.201105897604489,0.161176621083735,0.157809223742999,0.0108953411105603,0.156217778449397,0.31279513800882,0.98910465888944,1.5,1.3,1,1,"Critical"
2,30.25,"Month to Month","Mailed Check",0.07334826036722,0.153424681394722,0.261029024479685,0.257704439394459,0.154783281969542,0.0997103123943713,0.742295560605541,1.5,1.3,1,1,"Critical"
2,70.15,"Month to Month","Bank Withdrawal",0.167430164798464,0.205267347269796,0.278641527856041,0.0126456354510265,0.172782539460845,0.163232785163828,0.987354364548974,1.5,1.3,1,1,"Critical"
3,94.9,"Month to Month","Bank Withdrawal",0.13513474235363,0.218291880779451,0.240721019876704,0.0217194848678396,0.266523130701956,0.117609741420419,0.97828051513216,1.5,1.3,1,1,"Critical"
3,57.55,"Month to Month","Bank Withdrawal",0.168624923870268,0.253883002549164,0.242411021367412,0.0218296616735787,0.199120261274206,0.114131129265371,0.978170338326421,1.5,1.3,1,1,"Critical"
1,80.55,"Month to Month","Bank Withdrawal",0.165515477794548,0.180265326491685,0.245739901739433,0.00937059518896361,0.248396806732154,0.150711892053216,0.990629404811036,1.5,1.3,1,1,"Critical"
1,49.8,"Month to Month","Credit Card",0.118396671224164,0.166444431870526,0.15164447983802,0.0285879021666752,0.391828440171441,0.143098074729173,0.971412097833325,1.5,1.3,1,1,"Critical"
1,70.35,"Month to Month","Bank Withdrawal",0.172202682341535,0.203714948727154,0.274095514572921,0.00997051430737151,0.175665931955094,0.164350408095925,0.990029485692628,1.5,1.3,1,1,"Critical"
2,51.55,"Month to Month","Credit Card",0.0779977596107252,0.147628519493159,0.285325359505286,0.0558285789921213,0.283940031816701,0.149279750582007,0.944171421007879,1.5,1.3,1,1,"Critical"
3,19.95,"Month to Month","Mailed Check",0.295131252391936,0.0689785148323452,0.0751237667833787,0.132633607120885,0.0380455498919807,0.390087308979475,0.867366392879115,1.5,1.3,1,1,"Critical"
3,19.65,"Month to Month","Credit Card",0.294996194426971,0.062619179189918,0.0767334007517583,0.0723871050531693,0.0693426443663963,0.423921476211787,0.927612894946831,1.5,1.3,1,1,"Critical"
1,25.15,"Month to Month","Credit Card",0.116308919690529,0.162455556164564,0.344239152678474,0.0396477747345874,0.236251004726193,0.101097592005652,0.960352225265413,1.5,1.3,1,1,"Critical"
1,89.25,"Month to Month","Bank Withdrawal",0.15825490001546,0.238477025820485,0.195348275314664,0.00804617775602533,0.244047995829075,0.15582562526429,0.991953822243975,1.5,1.3,1,1,"Critical"
1,29.85,"Month to Month","Bank Withdrawal",0.151444176517099,0.230330555127491,0.195495648132781,0.0279649737172321,0.274661387545387,0.120103258960009,0.972035026282768,1.5,1.3,1,1,"Critical"
1,19.55,"Month to Month","Credit Card",0.292776192718793,0.0515411532935875,0.0467108162078859,0.0667830068454153,0.0615654890735284,0.480623341860789,0.933216993154585,1.5,1.3,1,1,"Critical"
1,19.45,"Month to Month","Bank Withdrawal",0.406861382078566,0.0492731584979619,0.0496213694307927,0.0401496404038503,0.0330648853158164,0.421029564273012,0.95985035959615,1.5,1.3,1,1,"Critical"
2,19.9,"Month to Month","Credit Card",0.391873371042026,0.0509049487009474,0.0446747202510118,0.0507309556365026,0.0619098282416271,0.399906176127885,0.949269044363497,1.5,1.3,1,1,"Critical"
1,20,"Month to Month","Credit Card",0.40102251848272,0.0810633981246022,0.0381283057108647,0.0485471053726612,0.0488001006830193,0.382438571626132,0.951452894627339,1.5,1.3,1,1,"Critical"
1,19.65,"Month to Month","Credit Card",0.381969767068099,0.0757112533701157,0.0411549946941413,0.0579400766505469,0.0681207928381058,0.375103115378991,0.942059923349453,1.5,1.3,1,1,"Critical"
2,44.5,"Month to Month","Bank Withdrawal",0.10847328883548,0.134857551807623,0.274029446632081,0.0724205445726312,0.224037495869642,0.186181672282543,0.927579455427369,1.5,1.3,1,1,"Critical"
1,45.35,"Month to Month","Credit Card",0.108915912888367,0.16965295405742,0.209060934513901,0.0277362126920469,0.332989396351588,0.151644589496677,0.972263787307953,1.5,1.3,1,1,"Critical"
3,20.85,"Month to Month","Credit Card",0.310514228383477,0.030224810108285,0.0707734905293227,0.216255577704991,0.04201856966693,0.330213323606994,0.783744422295009,1.5,1.3,1,1,"Critical"
3,19.3,"Month to Month","Credit Card",0.234594237586204,0.0357947153054961,0.0546846304549012,0.393448331517728,0.0520254552366443,0.229452629899027,0.606551668482272,1.5,1.3,1,1,"Critical"
1,50.75,"Month to Month","Credit Card",0.221353531850308,0.153373800215045,0.0901574922136328,0.0414960242269477,0.199283102883595,0.294336048610472,0.958503975773052,1.5,1.3,1,1,"Critical"
3,20,"Month to Month","Bank Withdrawal",0.280027373140988,0.0672739133712079,0.105191924413808,0.103873139492801,0.0552645444477731,0.388369105133422,0.896126860507199,1.5,1.3,1,1,"Critical"
1,20.3,"Month to Month","Bank Withdrawal",0.260658886899349,0.0511162851630665,0.11553691750845,0.212125145510582,0.0617596262780688,0.298803138640484,0.787874854489418,1.5,1.3,1,1,"Critical"
3,74.5,"Month to Month","Bank Withdrawal",0.123348166714946,0.19580327306173,0.272876999361858,0.0100195927290574,0.253617774780079,0.14433419335233,0.989980407270943,1.5,1.3,1,1,"Critical"
1,19.75,"Month to Month","Credit Card",0.362391134530841,0.0472353066838247,0.0424945191003449,0.0498469309757305,0.0661518457762357,0.431880262933023,0.950153069024269,1.5,1.3,1,1,"Critical"
1,19.9,"Month to Month","Credit Card",0.356217605076063,0.0712036521411474,0.0632858842048129,0.0573370377769902,0.0893307766968558,0.36262504410413,0.94266296222301,1.5,1.3,1,1,"Critical"
1,19.3,"Month to Month","Credit Card",0.331967710995109,0.0639458399001775,0.0529420116489601,0.0526434293709884,0.0665586712465449,0.43194233683822,0.947356570629012,1.5,1.3,1,1,"Critical"
3,89.85,"Month to Month","Credit Card",0.148504499314313,0.238960793823614,0.18313287527573,0.0174207607708547,0.267077037181141,0.144904033634348,0.982579239229145,1.5,1.3,1,1,"Critical"
2,20.1,"Month to Month","Credit Card",0.40283006097271,0.0637641552887868,0.0552841845200835,0.0643243943612512,0.0528298651718608,0.360967339685307,0.935675605638749,1.5,1.3,1,1,"Critical"
1,71.1,"Month to Month","Mailed Check",0.117069349079918,0.340336068878956,0.243831902306015,0.0100728237955697,0.151861420680122,0.136828435259419,0.98992717620443,1.5,1.3,1,1,"Critical"
1,20.2,"Month to Month","Credit Card",0.385801816558049,0.0606391540543808,0.0554960693499925,0.0579931639230615,0.0718535288052486,0.368216267309268,0.942006836076939,1.5,1.3,1,1,"Critical"
1,49.85,"Month to Month","Bank Withdrawal",0.19372585524688,0.18273518734769,0.174195521879602,0.0777981165077727,0.172677838321527,0.198867480696529,0.922201883492227,1.5,1.3,1,1,"Critical"
2,19.85,"Month to Month","Credit Card",0.361124909796532,0.0761203678475711,0.0635485900385424,0.0603611293191097,0.0566153762263699,0.382229626771875,0.93963887068089,1.5,1.3,1,1,"Critical"
3,30.4,"Month to Month","Bank Withdrawal",0.137053755286639,0.158388416304429,0.21503006548034,0.0339189481559724,0.351794776755318,0.103814038017301,0.966081051844028,1.5,1.3,1,1,"Critical"
1,44.55,"Month to Month","Credit Card",0.183460791046989,0.211183999951072,0.222013828003741,0.0317292382284311,0.172754450000346,0.178857692769421,0.968270761771569,1.5,1.3,1,1,"Critical"
1,20.25,"Month to Month","Credit Card",0.460498058257144,0.0618892705092492,0.0314376000982473,0.0625447090008754,0.0482859289951735,0.335344433139311,0.937455290999125,1.5,1.3,1,1,"Critical"
1,20.45,"Month to Month","Mailed Check",0.260066415982176,0.140872595478075,0.0985021715970917,0.0372880472783388,0.0661255454866638,0.397145224177655,0.962711952721661,1.5,1.3,1,1,"Critical"
1,21.05,"Month to Month","Mailed Check",0.308858372741612,0.117408189211663,0.088081264179083,0.0598662914396991,0.0665704314969397,0.359215450931003,0.940133708560301,1.5,1.3,1,1,"Critical"
1,47.95,"Month to Month","Bank Withdrawal",0.241162121853056,0.169845009404474,0.11271753444906,0.0305780851771618,0.192824321487375,0.252872927628873,0.969421914822838,1.5,1.3,1,1,"Critical"
1,70.6,"Two Year","Credit Card",0.138839164969366,0.203971882045038,0.166495995901681,0.213246928390375,0.0767096502063985,0.200736378487142,0.786753071609625,1.5,1,1,1,"Critical"
1,45,"Month to Month","Bank Withdrawal",0.149068008845884,0.213255526490082,0.20924055100389,0.122256800453326,0.200614648570846,0.105564464635972,0.877743199546674,1.5,1.3,1,1,"Critical"
1,19.45,"Month to Month","Credit Card",0.384104030714197,0.0802223827033275,0.0424691161343522,0.0634322170449434,0.0674013975059036,0.362370855897276,0.936567782955057,1.5,1.3,1,1,"Critical"
1,50.05,"Month to Month","Bank Withdrawal",0.183099577775357,0.126463931510102,0.214033560260105,0.104645548090688,0.158072864824653,0.213684517539095,0.895354451909312,1.5,1.3,1,1,"Critical"
3,77.4,"Month to Month","Bank Withdrawal",0.250658597917704,0.233537476059875,0.0980163868749947,0.016116524670109,0.17827660681605,0.223394407661267,0.983883475329891,1.5,1.3,1,1,"Critical"
1,20.45,"Two Year","Credit Card",0.0927394465004624,0.0402713838037106,0.0369433915341437,0.561741720103714,0.0180063802707869,0.250297677787182,0.438258279896286,1.5,1,1,0.657387419844428,"High"
1,19.8,"Month to Month","Credit Card",0.280445105005643,0.0695224782596783,0.0830689127978088,0.0611098256044173,0.08572809431097,0.420125584021482,0.938890174395583,1.5,1.3,1,1,"Critical"
1,19.5,"Month to Month","Credit Card",0.429165478436805,0.0736166863471612,0.0375728846701244,0.0500641268443478,0.0453206264739812,0.364260197227581,0.949935873155652,1.5,1.3,1,1,"Critical"
1,19.55,"Month to Month","Credit Card",0.273110614189981,0.0612704253304619,0.0902045135667026,0.0823606370809825,0.0814982403061007,0.411555569525772,0.917639362919017,1.5,1.3,1,1,"Critical"
2,20.3,"One Year","Credit Card",0.118933661828634,0.0209021885881535,0.0401975905778688,0.662691303965129,0.0267844818386746,0.130490773201541,0.337308696034871,1.5,1,1,0.505963044052307,"High"
3,73.6,"Month to Month","Credit Card",0.18096394813593,0.234037131165874,0.20977965162487,0.0192984389127325,0.20452005066123,0.151400779499364,0.980701561087268,1.5,1.3,1,1,"Critical"
1,20.7,"Month to Month","Bank Withdrawal",0.346454655891758,0.0793990664516223,0.0918255176957611,0.0632506717934213,0.0679097122044152,0.351160375963022,0.936749328206579,1.5,1.3,1,1,"Critical"
2,54.15,"Month to Month","Credit Card",0.137935541112979,0.161633623067206,0.193796594748079,0.0339563520683167,0.253291936389315,0.219385952614105,0.966043647931683,1.5,1.3,1,1,"Critical"
3,44.75,"Month to Month","Credit Card",0.156210012922452,0.251838736042428,0.203059992076176,0.0288818034291913,0.234936509282144,0.125072946247609,0.971118196570809,1.5,1.3,1,1,"Critical"
1,74,"Month to Month","Bank Withdrawal",0.193669710667224,0.207462168379199,0.167111931007542,0.0144268363714654,0.230838599530448,0.186490754044121,0.985573163628535,1.5,1.3,1,1,"Critical"
1,51.25,"Month to Month","Credit Card",0.108772307733133,0.14226964788237,0.190275415558941,0.0396544997543458,0.212119946355298,0.306908182715911,0.960345500245654,1.5,1.3,1,1,"Critical"
1,44.8,"Month to Month","Bank Withdrawal",0.194839593084025,0.244172618253894,0.141998609852662,0.0206697351863481,0.235245171907798,0.163074271715272,0.979330264813652,1.5,1.3,1,1,"Critical"
1,44.9,"Month to Month","Credit Card",0.14845680856982,0.218238311406068,0.136140800378667,0.0257158694526246,0.282327748743544,0.189120461449276,0.974284130547375,1.5,1.3,1,1,"Critical"
2,24.85,"Month to Month","Credit Card",0.341511768187222,0.0745816709124348,0.0472743414578361,0.0480195395234121,0.0508256622555966,0.437787017663499,0.951980460476588,1.5,1.3,1,1,"Critical"
1,44,"Two Year","Bank Withdrawal",0.0937900727303106,0.148446676841586,0.198731289174513,0.260600087214343,0.0978630656444794,0.200568808394769,0.739399912785657,1.5,1,1,1,"Critical"
2,20.35,"Month to Month","Credit Card",0.380838553252698,0.0594145138452724,0.0449711146120071,0.12401918980695,0.0921216609015213,0.298634967581552,0.87598081019305,1.5,1.3,1,1,"Critical"
1,20.05,"Month to Month","Credit Card",0.328630674090404,0.0549992106899197,0.0671058858416873,0.0630196186805977,0.0637382731848804,0.422506337512511,0.936980381319402,1.5,1.3,1,1,"Critical"
1,49.8,"Month to Month","Credit Card",0.184794657188581,0.180706480880481,0.217322558256587,0.0289633344791199,0.177283226223032,0.210929742972199,0.97103666552088,1.5,1.3,1,1,"Critical"
1,74.3,"Two Year","Bank Withdrawal",0.0602832080110858,0.113764050909604,0.233055657896417,0.462316121686432,0.0574686861950091,0.0731122753014526,0.537683878313568,1.5,1,1,0.806525817470353,"Critical"
2,49.2,"Month to Month","Credit Card",0.168942568044012,0.303236957457901,0.180039635683823,0.0241374988905155,0.208199386345449,0.115443953578299,0.975862501109484,1.5,1.3,1,1,"Critical"
1,49.55,"Month to Month","Bank Withdrawal",0.186314076516973,0.139466010639911,0.149377757875842,0.0257360603214505,0.268375346367185,0.230730748278639,0.97426393967855,1.5,1.3,1,1,"Critical"
1,25,"Month to Month","Credit Card",0.304935592965444,0.0512920709196682,0.0469455740292556,0.0534953291546084,0.0723533055013928,0.470978127429631,0.946504670845392,1.5,1.3,1,1,"Critical"
2,55.3,"Month to Month","Bank Withdrawal",0.193518679811918,0.223942137247117,0.161721417725609,0.036790502398349,0.202273758788091,0.181753504028916,0.963209497601651,1.5,1.3,1,1,"Critical"
3,21.2,"One Year","Credit Card",0.180812353381409,0.0517088998870201,0.0983637020788905,0.30968249850495,0.0904012942660959,0.269031251881635,0.69031750149505,1.5,1,1,1,"Critical"
1,44.95,"Month to Month","Mailed Check",0.146479889806432,0.305559030765029,0.16430179705241,0.0142014758073367,0.196037327746256,0.173420478822536,0.985798524192663,1.5,1.3,1,1,"Critical"
3,55.9,"Month to Month","Credit Card",0.269383043121872,0.186950501140888,0.13918265299764,0.0477291638984528,0.192861393376481,0.163893245464666,0.952270836101547,1.5,1.3,1,1,"Critical"
1,20.15,"Month to Month","Mailed Check",0.286152293969121,0.128403633394811,0.078144106251483,0.0512362020763869,0.0628827627634953,0.393181001544702,0.948763797923613,1.5,1.3,1,1,"Critical"
1,74.1,"One Year","Credit Card",0.0799674629397742,0.106251314859136,0.258100333231693,0.112459194829869,0.271412718912653,0.171808975226876,0.887540805170131,1.5,1,1,1,"Critical"
1,18.85,"Month to Month","Bank Withdrawal",0.354948980673874,0.0565316915799337,0.0794578339937251,0.0436861878652927,0.0605502539173037,0.404825051969871,0.956313812134707,1.5,1.3,1,1,"Critical"
3,19.1,"Month to Month","Credit Card",0.370559527546558,0.0643360899629898,0.0528457066739008,0.070997138868445,0.0807693750672866,0.36049216188082,0.929002861131555,1.5,1.3,1,1,"Critical"
2,81.5,"Two Year","Credit Card",0.0664789079578765,0.213980886916469,0.283487525639182,0.157120354862624,0.092734020018303,0.186198304605545,0.842879645137376,1.5,1,1,1,"Critical"
2,19.4,"Month to Month","Credit Card",0.370772521841261,0.0837555418191868,0.0499158517393511,0.0558966707489586,0.0842844751902091,0.355374938661033,0.944103329251041,1.5,1.3,1,1,"Critical"
1,19.75,"Month to Month","Bank Withdrawal",0.181069097410518,0.0274540560321526,0.0687272371458907,0.559000429936155,0.0397043466808418,0.124044832794441,0.440999570063845,1.5,1.3,1,0.859949161624498,"Critical"
1,53.55,"Month to Month","Credit Card",0.167829643778064,0.13934978940386,0.148370753896042,0.168645157605615,0.241731661677451,0.134072993638969,0.831354842394385,1.5,1.3,1,1,"Critical"
1,20.3,"Month to Month","Credit Card",0.377680586477393,0.0707317020459816,0.0669555371386233,0.0761571073415533,0.0926556803379357,0.315819386658513,0.923842892658447,1.5,1.3,1,1,"Critical"
2,19.2,"Two Year","Bank Withdrawal",0.138063717524848,0.0571944320718834,0.103041274760201,0.361552632825453,0.0281018766353578,0.312046066182257,0.638447367174547,1.5,1,1,0.95767105076182,"Critical"
1,44,"Month to Month","Credit Card",0.10211213893905,0.204475934183677,0.258298856866745,0.0252669975471821,0.232083851387938,0.177762221075407,0.974733002452818,1.5,1.3,1,1,"Critical"
1,45.6,"Month to Month","Credit Card",0.132228981791362,0.196077845439382,0.179822806861606,0.0368616353232747,0.286089163614005,0.16891956697037,0.963138364676725,1.5,1.3,1,1,"Critical"
3,-5,"Month to Month","Mailed Check",0.128582243750921,0.32108293063305,0.257625538369825,0.0193889844006313,0.13846678009894,0.134853522746632,0.980611015599369,1.5,1.3,1,1,"Critical"
3,24.6,"Month to Month","Credit Card",0.278117622840251,0.0615398735707767,0.0950624393261291,0.073824388688623,0.0739096383313995,0.41754603724282,0.926175611311377,1.5,1.3,1,1,"Critical"
1,19.25,"Month to Month","Bank Withdrawal",0.0638061264569862,0.00428214759729586,0.0199463596044461,0.852851170478516,0.00779063010166213,0.0513235657610933,0.147148829521484,1.5,1.3,1,0.286940217566893,"Medium"
3,74.45,"Month to Month","Credit Card",0.163304384110699,0.240210295457322,0.210714909137349,0.0237697063256241,0.22065835478991,0.141342350179096,0.976230293674376,1.5,1.3,1,1,"Critical"
2,18.75,"Month to Month","Bank Withdrawal",0.24122147153373,0.0599864429957447,0.10646231157764,0.055722918203942,0.103250815962746,0.433356039726197,0.944277081796058,1.5,1.3,1,1,"Critical"
1,19.1,"Month to Month","Credit Card",0.423756456033756,0.0778110808921849,0.0530004200041109,0.0622283941418133,0.0459340426420783,0.337269606286056,0.937771605858187,1.5,1.3,1,1,"Critical"
3,40.3,"Month to Month","Credit Card",0.1587534875181,0.0922735637953055,0.226045939866598,0.347826306257644,0.110567381555498,0.0645333210068548,0.652173693742356,1.5,1.3,1,1,"Critical"
1,51.2,"Month to Month","Credit Card",0.189530791280245,0.127547308413449,0.179849189515015,0.102193946452256,0.222092472360895,0.178786291978141,0.897806053547744,1.5,1.3,1,1,"Critical"
3,29.9,"Month to Month","Bank Withdrawal",0.107422745826376,0.130497416636945,0.240730427371081,0.101452117889532,0.339728559560414,0.0801687327156512,0.898547882110468,1.5,1.3,1,1,"Critical"
2,45,"Month to Month","Bank Withdrawal",0.121644626888404,0.137243980723509,0.216091980413969,0.14480646251394,0.249461902425068,0.130751047035109,0.85519353748606,1.5,1.3,1,1,"Critical"
1,70.05,"Two Year","Bank Withdrawal",0.123173565644859,0.228450911201689,0.223915177664379,0.125447768969574,0.114829045559957,0.184183530959542,0.874552231030426,1.5,1,1,1,"Critical"
1,70.2,"Month to Month","Bank Withdrawal",0.1726099854812,0.198918175996618,0.272584565702636,0.0103129719433193,0.16384401063439,0.181730290241836,0.989687028056681,1.5,1.3,1,1,"Critical"
1,70.6,"Month to Month","Credit Card",0.145704808021465,0.252384984452343,0.195588557262017,0.0195767385405892,0.241688497633365,0.14505641409022,0.980423261459411,1.5,1.3,1,1,"Critical"
1,19.4,"Month to Month","Credit Card",0.226702227747043,0.0343760912656997,0.0526224669916818,0.468173534467241,0.0271014207765692,0.191024258751765,0.531826465532759,1.5,1.3,1,1,"Critical"
3,50.4,"Month to Month","Bank Withdrawal",0.160311357108366,0.218886132356885,0.213087067170934,0.0248537456773817,0.243230904819133,0.1396307928673,0.975146254322618,1.5,1.3,1,1,"Critical"
3,70.25,"Month to Month","Bank Withdrawal",0.175529388046811,0.232958895890224,0.180572443536411,0.011729222546696,0.221677453974696,0.177532596005161,0.988270777453304,1.5,1.3,1,1,"Critical"
2,24.9,"Month to Month","Credit Card",0.112047357094163,0.145356038081424,0.245724267775208,0.0484096324779012,0.308525285961795,0.139937418609508,0.951590367522099,1.5,1.3,1,1,"Critical"
3,80,"Month to Month","Bank Withdrawal",0.162532256486505,0.146464493196156,0.29831854819444,0.0851212799091485,0.190095489807298,0.117467932406454,0.914878720090852,1.5,1.3,1,1,"Critical"
2,54.35,"Month to Month","Credit Card",0.142120874723063,0.180261575264635,0.215388872660977,0.0267116340645569,0.312114427240363,0.123402616046404,0.973288365935443,1.5,1.3,1,1,"Critical"
2,20,"Month to Month","Credit Card",0.411552204233137,0.0699872255277674,0.0385185427448952,0.0560595494080435,0.0600412092650724,0.363841268821085,0.943940450591957,1.5,1.3,1,1,"Critical"
1,20.55,"Month to Month","Credit Card",0.369999523369488,0.116418306024759,0.0477721785324694,0.0516378499903444,0.0793353998556655,0.334836742227273,0.948362150009656,1.5,1.3,1,1,"Critical"
2,70.3,"Month to Month","Bank Withdrawal",0.194769676085506,0.161641760957157,0.225009320568566,0.0102248742824533,0.214071609270898,0.194282758835419,0.989775125717547,1.5,1.3,1,1,"Critical"
3,25.1,"Month to Month","Bank Withdrawal",0.180986624791557,0.166607086521144,0.216332248765646,0.0292601052843203,0.25509037683919,0.151723557798142,0.97073989471568,1.5,1.3,1,1,"Critical"
1,48.6,"Month to Month","Bank Withdrawal",0.182270834696467,0.248655646089528,0.231057906134055,0.0162236865799822,0.204457945105891,0.117333981394076,0.983776313420018,1.5,1.3,1,1,"Critical"
1,20.5,"Month to Month","Credit Card",0.388173067245427,0.0770267184521511,0.0591083191123371,0.0572878078350253,0.0794156471574953,0.338988440197564,0.942712192164975,1.5,1.3,1,1,"Critical"
3,20.4,"Month to Month","Credit Card",0.383307267126706,0.0856385303032718,0.0429307516144095,0.0520511056620654,0.0685528142661422,0.367519531027405,0.947948894337935,1.5,1.3,1,1,"Critical"
2,69.3,"Two Year","Bank Withdrawal",0.13436076613614,0.220859451036496,0.218945271483357,0.164049854068375,0.0802800318435237,0.181504625432109,0.835950145931625,1.5,1,1,1,"Critical"
2,20.35,"Month to Month","Credit Card",0.256011159568385,0.0498559258797777,0.0786239833304042,0.0657246201714135,0.0520653311705622,0.497718979879457,0.934275379828586,1.5,1.3,1,1,"Critical"
1,55.45,"Month to Month","Bank Withdrawal",0.205175315753072,0.191303618930633,0.165793598584293,0.013007746040429,0.243612163384461,0.181107557307111,0.986992253959571,1.5,1.3,1,1,"Critical"
1,74.35,"Month to Month","Bank Withdrawal",0.120816152547112,0.304344700465128,0.260523756343449,0.010682203970917,0.196346364206699,0.107286822466695,0.989317796029083,1.5,1.3,1,1,"Critical"
1,24.4,"Month to Month","Credit Card",0.10402503126524,0.132670799727505,0.319597408906439,0.0480649880099545,0.256886406927198,0.138755365163664,0.951935011990045,1.5,1.3,1,1,"Critical"
1,20.05,"Month to Month","Credit Card",0.287770248793183,0.0220895597097444,0.0758221687130552,0.342744069865185,0.0281242724700297,0.243449680448803,0.657255930134815,1.5,1.3,1,1,"Critical"
1,18.9,"Month to Month","Credit Card",0.327709809900156,0.0583836885923185,0.0469939329094535,0.082329547489005,0.0399548686316667,0.4446281524774,0.917670452510995,1.5,1.3,1,1,"Critical"
2,50.3,"Month to Month","Credit Card",0.126029738661331,0.15849136390238,0.242189612010701,0.0377175659625276,0.276938206916074,0.158633512546986,0.962282434037472,1.5,1.3,1,1,"Critical"
